Model,Distance,Num_Rounds,Backend,Run,Shots,Stim_Error_Rate,Stim_Error_Type,Weight_Noise,Logical_Error_Rate,Total_Shots,Logical_Errors,Timestamp
No_Correction,3,3,ibm_aachen,1,1000,0.0,,,0.281,1000,281,20260415_210247
MWPM,3,3,ibm_aachen,1,1000,0.0,,,0.438,1000,438,20260415_210247
CNN,3,3,ibm_aachen,1,1000,0.005,X,realistic/dp0.001_mf0.01_rf0.01_gd0.008,0.482,1000,482,20260415_210247
MWPM+CNN,3,3,ibm_aachen,1,1000,0.005,X,realistic/dp0.001_mf0.01_rf0.01_gd0.008,0.496,1000,496,20260415_210247
CNN,3,3,ibm_aachen,1,1000,0.01,X,realistic/dp0.001_mf0.01_rf0.01_gd0.008,0.655,1000,655,20260415_210247
MWPM+CNN,3,3,ibm_aachen,1,1000,0.01,X,realistic/dp0.001_mf0.01_rf0.01_gd0.008,0.496,1000,496,20260415_210247
CNN,3,3,ibm_aachen,1,1000,0.05,X,realistic/dp0.001_mf0.01_rf0.01_gd0.008,0.649,1000,649,20260415_210247
MWPM+CNN,3,3,ibm_aachen,1,1000,0.05,X,realistic/dp0.001_mf0.01_rf0.01_gd0.008,0.496,1000,496,20260415_210247
GCNII,3,3,ibm_aachen,1,1000,0.005,X,realistic/dp0.001_mf0.01_rf0.01_gd0.008,0.373,1000,373,20260415_210247
MWPM+GCNII,3,3,ibm_aachen,1,1000,0.005,X,realistic/dp0.001_mf0.01_rf0.01_gd0.008,0.496,1000,496,20260415_210247
GCNII,3,3,ibm_aachen,1,1000,0.01,X,realistic/dp0.001_mf0.01_rf0.01_gd0.008,0.281,1000,281,20260415_210247
MWPM+GCNII,3,3,ibm_aachen,1,1000,0.01,X,realistic/dp0.001_mf0.01_rf0.01_gd0.008,0.438,1000,438,20260415_210247
GCNII,3,3,ibm_aachen,1,1000,0.05,X,realistic/dp0.001_mf0.01_rf0.01_gd0.008,0.281,1000,281,20260415_210247
MWPM+GCNII,3,3,ibm_aachen,1,1000,0.05,X,realistic/dp0.001_mf0.01_rf0.01_gd0.008,0.438,1000,438,20260415_210247
APPNP,3,3,ibm_aachen,1,1000,0.005,X,realistic/dp0.001_mf0.01_rf0.01_gd0.008,0.288,1000,288,20260415_210247
MWPM+APPNP,3,3,ibm_aachen,1,1000,0.005,X,realistic/dp0.001_mf0.01_rf0.01_gd0.008,0.438,1000,438,20260415_210247
APPNP,3,3,ibm_aachen,1,1000,0.01,X,realistic/dp0.001_mf0.01_rf0.01_gd0.008,0.281,1000,281,20260415_210247
MWPM+APPNP,3,3,ibm_aachen,1,1000,0.01,X,realistic/dp0.001_mf0.01_rf0.01_gd0.008,0.438,1000,438,20260415_210247
APPNP,3,3,ibm_aachen,1,1000,0.05,X,realistic/dp0.001_mf0.01_rf0.01_gd0.008,0.719,1000,719,20260415_210247
MWPM+APPNP,3,3,ibm_aachen,1,1000,0.05,X,realistic/dp0.001_mf0.01_rf0.01_gd0.008,0.496,1000,496,20260415_210247
GraphTransformer,3,3,ibm_aachen,1,1000,0.005,X,realistic/dp0.001_mf0.01_rf0.01_gd0.008,0.285,1000,285,20260415_210247
MWPM+GraphTransformer,3,3,ibm_aachen,1,1000,0.005,X,realistic/dp0.001_mf0.01_rf0.01_gd0.008,0.438,1000,438,20260415_210247
GraphTransformer,3,3,ibm_aachen,1,1000,0.01,X,realistic/dp0.001_mf0.01_rf0.01_gd0.008,0.292,1000,292,20260415_210247
MWPM+GraphTransformer,3,3,ibm_aachen,1,1000,0.01,X,realistic/dp0.001_mf0.01_rf0.01_gd0.008,0.438,1000,438,20260415_210247
GraphTransformer,3,3,ibm_aachen,1,1000,0.05,X,realistic/dp0.001_mf0.01_rf0.01_gd0.008,0.291,1000,291,20260415_210247
MWPM+GraphTransformer,3,3,ibm_aachen,1,1000,0.05,X,realistic/dp0.001_mf0.01_rf0.01_gd0.008,0.438,1000,438,20260415_210247
GCN,3,3,ibm_aachen,1,1000,0.005,X,realistic/dp0.001_mf0.01_rf0.01_gd0.008,0.504,1000,504,20260415_210247
MWPM+GCN,3,3,ibm_aachen,1,1000,0.005,X,realistic/dp0.001_mf0.01_rf0.01_gd0.008,0.496,1000,496,20260415_210247
GCN,3,3,ibm_aachen,1,1000,0.01,X,realistic/dp0.001_mf0.01_rf0.01_gd0.008,0.534,1000,534,20260415_210247
MWPM+GCN,3,3,ibm_aachen,1,1000,0.01,X,realistic/dp0.001_mf0.01_rf0.01_gd0.008,0.445,1000,445,20260415_210247
GCN,3,3,ibm_aachen,1,1000,0.05,X,realistic/dp0.001_mf0.01_rf0.01_gd0.008,0.639,1000,639,20260415_210247
MWPM+GCN,3,3,ibm_aachen,1,1000,0.05,X,realistic/dp0.001_mf0.01_rf0.01_gd0.008,0.367,1000,367,20260415_210247
GAT,3,3,ibm_aachen,1,1000,0.005,X,realistic/dp0.001_mf0.01_rf0.01_gd0.008,0.587,1000,587,20260415_210247
MWPM+GAT,3,3,ibm_aachen,1,1000,0.005,X,realistic/dp0.001_mf0.01_rf0.01_gd0.008,0.496,1000,496,20260415_210247
GAT,3,3,ibm_aachen,1,1000,0.01,X,realistic/dp0.001_mf0.01_rf0.01_gd0.008,0.701,1000,701,20260415_210247
MWPM+GAT,3,3,ibm_aachen,1,1000,0.01,X,realistic/dp0.001_mf0.01_rf0.01_gd0.008,0.539,1000,539,20260415_210247
GAT,3,3,ibm_aachen,1,1000,0.05,X,realistic/dp0.001_mf0.01_rf0.01_gd0.008,0.7,1000,700,20260415_210247
MWPM+GAT,3,3,ibm_aachen,1,1000,0.05,X,realistic/dp0.001_mf0.01_rf0.01_gd0.008,0.496,1000,496,20260415_210247
GNN,3,3,ibm_aachen,1,1000,0.005,X,realistic/dp0.001_mf0.01_rf0.01_gd0.008,0.721,1000,721,20260415_210247
MWPM+GNN,3,3,ibm_aachen,1,1000,0.005,X,realistic/dp0.001_mf0.01_rf0.01_gd0.008,0.496,1000,496,20260415_210247
GNN,3,3,ibm_aachen,1,1000,0.01,X,realistic/dp0.001_mf0.01_rf0.01_gd0.008,0.389,1000,389,20260415_210247
MWPM+GNN,3,3,ibm_aachen,1,1000,0.01,X,realistic/dp0.001_mf0.01_rf0.01_gd0.008,0.438,1000,438,20260415_210247
GNN,3,3,ibm_aachen,1,1000,0.05,X,realistic/dp0.001_mf0.01_rf0.01_gd0.008,0.718,1000,718,20260415_210247
MWPM+GNN,3,3,ibm_aachen,1,1000,0.05,X,realistic/dp0.001_mf0.01_rf0.01_gd0.008,0.496,1000,496,20260415_210247
GraphMamba,3,3,ibm_aachen,1,1000,0.005,X,realistic/dp0.001_mf0.01_rf0.01_gd0.008,0.291,1000,291,20260415_210247
MWPM+GraphMamba,3,3,ibm_aachen,1,1000,0.005,X,realistic/dp0.001_mf0.01_rf0.01_gd0.008,0.438,1000,438,20260415_210247
GraphMamba,3,3,ibm_aachen,1,1000,0.01,X,realistic/dp0.001_mf0.01_rf0.01_gd0.008,0.29,1000,290,20260415_210247
MWPM+GraphMamba,3,3,ibm_aachen,1,1000,0.01,X,realistic/dp0.001_mf0.01_rf0.01_gd0.008,0.438,1000,438,20260415_210247
GraphMamba,3,3,ibm_aachen,1,1000,0.05,X,realistic/dp0.001_mf0.01_rf0.01_gd0.008,0.298,1000,298,20260415_210247
MWPM+GraphMamba,3,3,ibm_aachen,1,1000,0.05,X,realistic/dp0.001_mf0.01_rf0.01_gd0.008,0.438,1000,438,20260415_210247
CNN,3,3,ibm_aachen,1,1000,0.005,X,realistic/dp0.005_mf0.02_rf0.02_gd0.015,0.491,1000,491,20260415_210247
MWPM+CNN,3,3,ibm_aachen,1,1000,0.005,X,realistic/dp0.005_mf0.02_rf0.02_gd0.015,0.51,1000,510,20260415_210247
CNN,3,3,ibm_aachen,1,1000,0.01,X,realistic/dp0.005_mf0.02_rf0.02_gd0.015,0.565,1000,565,20260415_210247
MWPM+CNN,3,3,ibm_aachen,1,1000,0.01,X,realistic/dp0.005_mf0.02_rf0.02_gd0.015,0.513,1000,513,20260415_210247
CNN,3,3,ibm_aachen,1,1000,0.05,X,realistic/dp0.005_mf0.02_rf0.02_gd0.015,0.684,1000,684,20260415_210247
MWPM+CNN,3,3,ibm_aachen,1,1000,0.05,X,realistic/dp0.005_mf0.02_rf0.02_gd0.015,0.496,1000,496,20260415_210247
GCNII,3,3,ibm_aachen,1,1000,0.005,X,realistic/dp0.005_mf0.02_rf0.02_gd0.015,0.719,1000,719,20260415_210247
MWPM+GCNII,3,3,ibm_aachen,1,1000,0.005,X,realistic/dp0.005_mf0.02_rf0.02_gd0.015,0.496,1000,496,20260415_210247
GCNII,3,3,ibm_aachen,1,1000,0.01,X,realistic/dp0.005_mf0.02_rf0.02_gd0.015,0.281,1000,281,20260415_210247
MWPM+GCNII,3,3,ibm_aachen,1,1000,0.01,X,realistic/dp0.005_mf0.02_rf0.02_gd0.015,0.438,1000,438,20260415_210247
GCNII,3,3,ibm_aachen,1,1000,0.05,X,realistic/dp0.005_mf0.02_rf0.02_gd0.015,0.719,1000,719,20260415_210247
MWPM+GCNII,3,3,ibm_aachen,1,1000,0.05,X,realistic/dp0.005_mf0.02_rf0.02_gd0.015,0.496,1000,496,20260415_210247
APPNP,3,3,ibm_aachen,1,1000,0.005,X,realistic/dp0.005_mf0.02_rf0.02_gd0.015,0.291,1000,291,20260415_210247
MWPM+APPNP,3,3,ibm_aachen,1,1000,0.005,X,realistic/dp0.005_mf0.02_rf0.02_gd0.015,0.441,1000,441,20260415_210247
APPNP,3,3,ibm_aachen,1,1000,0.01,X,realistic/dp0.005_mf0.02_rf0.02_gd0.015,0.405,1000,405,20260415_210247
MWPM+APPNP,3,3,ibm_aachen,1,1000,0.01,X,realistic/dp0.005_mf0.02_rf0.02_gd0.015,0.438,1000,438,20260415_210247
APPNP,3,3,ibm_aachen,1,1000,0.05,X,realistic/dp0.005_mf0.02_rf0.02_gd0.015,0.384,1000,384,20260415_210247
MWPM+APPNP,3,3,ibm_aachen,1,1000,0.05,X,realistic/dp0.005_mf0.02_rf0.02_gd0.015,0.445,1000,445,20260415_210247
GraphTransformer,3,3,ibm_aachen,1,1000,0.005,X,realistic/dp0.005_mf0.02_rf0.02_gd0.015,0.287,1000,287,20260415_210247
MWPM+GraphTransformer,3,3,ibm_aachen,1,1000,0.005,X,realistic/dp0.005_mf0.02_rf0.02_gd0.015,0.438,1000,438,20260415_210247
GraphTransformer,3,3,ibm_aachen,1,1000,0.01,X,realistic/dp0.005_mf0.02_rf0.02_gd0.015,0.288,1000,288,20260415_210247
MWPM+GraphTransformer,3,3,ibm_aachen,1,1000,0.01,X,realistic/dp0.005_mf0.02_rf0.02_gd0.015,0.438,1000,438,20260415_210247
GraphTransformer,3,3,ibm_aachen,1,1000,0.05,X,realistic/dp0.005_mf0.02_rf0.02_gd0.015,0.291,1000,291,20260415_210247
MWPM+GraphTransformer,3,3,ibm_aachen,1,1000,0.05,X,realistic/dp0.005_mf0.02_rf0.02_gd0.015,0.438,1000,438,20260415_210247
GCN,3,3,ibm_aachen,1,1000,0.005,X,realistic/dp0.005_mf0.02_rf0.02_gd0.015,0.472,1000,472,20260415_210247
MWPM+GCN,3,3,ibm_aachen,1,1000,0.005,X,realistic/dp0.005_mf0.02_rf0.02_gd0.015,0.438,1000,438,20260415_210247
GCN,3,3,ibm_aachen,1,1000,0.01,X,realistic/dp0.005_mf0.02_rf0.02_gd0.015,0.381,1000,381,20260415_210247
MWPM+GCN,3,3,ibm_aachen,1,1000,0.01,X,realistic/dp0.005_mf0.02_rf0.02_gd0.015,0.536,1000,536,20260415_210247
GCN,3,3,ibm_aachen,1,1000,0.05,X,realistic/dp0.005_mf0.02_rf0.02_gd0.015,0.586,1000,586,20260415_210247
MWPM+GCN,3,3,ibm_aachen,1,1000,0.05,X,realistic/dp0.005_mf0.02_rf0.02_gd0.015,0.496,1000,496,20260415_210247
GAT,3,3,ibm_aachen,1,1000,0.005,X,realistic/dp0.005_mf0.02_rf0.02_gd0.015,0.714,1000,714,20260415_210247
MWPM+GAT,3,3,ibm_aachen,1,1000,0.005,X,realistic/dp0.005_mf0.02_rf0.02_gd0.015,0.496,1000,496,20260415_210247
GAT,3,3,ibm_aachen,1,1000,0.01,X,realistic/dp0.005_mf0.02_rf0.02_gd0.015,0.706,1000,706,20260415_210247
MWPM+GAT,3,3,ibm_aachen,1,1000,0.01,X,realistic/dp0.005_mf0.02_rf0.02_gd0.015,0.496,1000,496,20260415_210247
GAT,3,3,ibm_aachen,1,1000,0.05,X,realistic/dp0.005_mf0.02_rf0.02_gd0.015,0.484,1000,484,20260415_210247
MWPM+GAT,3,3,ibm_aachen,1,1000,0.05,X,realistic/dp0.005_mf0.02_rf0.02_gd0.015,0.457,1000,457,20260415_210247
GNN,3,3,ibm_aachen,1,1000,0.005,X,realistic/dp0.005_mf0.02_rf0.02_gd0.015,0.697,1000,697,20260415_210247
MWPM+GNN,3,3,ibm_aachen,1,1000,0.005,X,realistic/dp0.005_mf0.02_rf0.02_gd0.015,0.493,1000,493,20260415_210247
GNN,3,3,ibm_aachen,1,1000,0.01,X,realistic/dp0.005_mf0.02_rf0.02_gd0.015,0.694,1000,694,20260415_210247
MWPM+GNN,3,3,ibm_aachen,1,1000,0.01,X,realistic/dp0.005_mf0.02_rf0.02_gd0.015,0.493,1000,493,20260415_210247
GNN,3,3,ibm_aachen,1,1000,0.05,X,realistic/dp0.005_mf0.02_rf0.02_gd0.015,0.702,1000,702,20260415_210247
MWPM+GNN,3,3,ibm_aachen,1,1000,0.05,X,realistic/dp0.005_mf0.02_rf0.02_gd0.015,0.496,1000,496,20260415_210247
GraphMamba,3,3,ibm_aachen,1,1000,0.005,X,realistic/dp0.005_mf0.02_rf0.02_gd0.015,0.29,1000,290,20260415_210247
MWPM+GraphMamba,3,3,ibm_aachen,1,1000,0.005,X,realistic/dp0.005_mf0.02_rf0.02_gd0.015,0.438,1000,438,20260415_210247
GraphMamba,3,3,ibm_aachen,1,1000,0.01,X,realistic/dp0.005_mf0.02_rf0.02_gd0.015,0.293,1000,293,20260415_210247
MWPM+GraphMamba,3,3,ibm_aachen,1,1000,0.01,X,realistic/dp0.005_mf0.02_rf0.02_gd0.015,0.438,1000,438,20260415_210247
GraphMamba,3,3,ibm_aachen,1,1000,0.05,X,realistic/dp0.005_mf0.02_rf0.02_gd0.015,0.291,1000,291,20260415_210247
MWPM+GraphMamba,3,3,ibm_aachen,1,1000,0.05,X,realistic/dp0.005_mf0.02_rf0.02_gd0.015,0.438,1000,438,20260415_210247
CNN,3,3,ibm_aachen,1,1000,0.005,X,realistic/dp0.01_mf0.05_rf0.05_gd0.01,0.511,1000,511,20260415_210247
MWPM+CNN,3,3,ibm_aachen,1,1000,0.005,X,realistic/dp0.01_mf0.05_rf0.05_gd0.01,0.496,1000,496,20260415_210247
CNN,3,3,ibm_aachen,1,1000,0.01,X,realistic/dp0.01_mf0.05_rf0.05_gd0.01,0.663,1000,663,20260415_210247
MWPM+CNN,3,3,ibm_aachen,1,1000,0.01,X,realistic/dp0.01_mf0.05_rf0.05_gd0.01,0.496,1000,496,20260415_210247
CNN,3,3,ibm_aachen,1,1000,0.05,X,realistic/dp0.01_mf0.05_rf0.05_gd0.01,0.624,1000,624,20260415_210247
MWPM+CNN,3,3,ibm_aachen,1,1000,0.05,X,realistic/dp0.01_mf0.05_rf0.05_gd0.01,0.496,1000,496,20260415_210247
GCNII,3,3,ibm_aachen,1,1000,0.005,X,realistic/dp0.01_mf0.05_rf0.05_gd0.01,0.719,1000,719,20260415_210247
MWPM+GCNII,3,3,ibm_aachen,1,1000,0.005,X,realistic/dp0.01_mf0.05_rf0.05_gd0.01,0.496,1000,496,20260415_210247
GCNII,3,3,ibm_aachen,1,1000,0.01,X,realistic/dp0.01_mf0.05_rf0.05_gd0.01,0.719,1000,719,20260415_210247
MWPM+GCNII,3,3,ibm_aachen,1,1000,0.01,X,realistic/dp0.01_mf0.05_rf0.05_gd0.01,0.496,1000,496,20260415_210247
GCNII,3,3,ibm_aachen,1,1000,0.05,X,realistic/dp0.01_mf0.05_rf0.05_gd0.01,0.281,1000,281,20260415_210247
MWPM+GCNII,3,3,ibm_aachen,1,1000,0.05,X,realistic/dp0.01_mf0.05_rf0.05_gd0.01,0.438,1000,438,20260415_210247
APPNP,3,3,ibm_aachen,1,1000,0.005,X,realistic/dp0.01_mf0.05_rf0.05_gd0.01,0.281,1000,281,20260415_210247
MWPM+APPNP,3,3,ibm_aachen,1,1000,0.005,X,realistic/dp0.01_mf0.05_rf0.05_gd0.01,0.438,1000,438,20260415_210247
APPNP,3,3,ibm_aachen,1,1000,0.01,X,realistic/dp0.01_mf0.05_rf0.05_gd0.01,0.281,1000,281,20260415_210247
MWPM+APPNP,3,3,ibm_aachen,1,1000,0.01,X,realistic/dp0.01_mf0.05_rf0.05_gd0.01,0.438,1000,438,20260415_210247
APPNP,3,3,ibm_aachen,1,1000,0.05,X,realistic/dp0.01_mf0.05_rf0.05_gd0.01,0.281,1000,281,20260415_210247
MWPM+APPNP,3,3,ibm_aachen,1,1000,0.05,X,realistic/dp0.01_mf0.05_rf0.05_gd0.01,0.438,1000,438,20260415_210247
GraphTransformer,3,3,ibm_aachen,1,1000,0.005,X,realistic/dp0.01_mf0.05_rf0.05_gd0.01,0.281,1000,281,20260415_210247
MWPM+GraphTransformer,3,3,ibm_aachen,1,1000,0.005,X,realistic/dp0.01_mf0.05_rf0.05_gd0.01,0.438,1000,438,20260415_210247
GraphTransformer,3,3,ibm_aachen,1,1000,0.01,X,realistic/dp0.01_mf0.05_rf0.05_gd0.01,0.281,1000,281,20260415_210247
MWPM+GraphTransformer,3,3,ibm_aachen,1,1000,0.01,X,realistic/dp0.01_mf0.05_rf0.05_gd0.01,0.438,1000,438,20260415_210247
GraphTransformer,3,3,ibm_aachen,1,1000,0.05,X,realistic/dp0.01_mf0.05_rf0.05_gd0.01,0.292,1000,292,20260415_210247
MWPM+GraphTransformer,3,3,ibm_aachen,1,1000,0.05,X,realistic/dp0.01_mf0.05_rf0.05_gd0.01,0.438,1000,438,20260415_210247
GCN,3,3,ibm_aachen,1,1000,0.005,X,realistic/dp0.01_mf0.05_rf0.05_gd0.01,0.405,1000,405,20260415_210247
MWPM+GCN,3,3,ibm_aachen,1,1000,0.005,X,realistic/dp0.01_mf0.05_rf0.05_gd0.01,0.496,1000,496,20260415_210247
GCN,3,3,ibm_aachen,1,1000,0.01,X,realistic/dp0.01_mf0.05_rf0.05_gd0.01,0.546,1000,546,20260415_210247
MWPM+GCN,3,3,ibm_aachen,1,1000,0.01,X,realistic/dp0.01_mf0.05_rf0.05_gd0.01,0.496,1000,496,20260415_210247
GCN,3,3,ibm_aachen,1,1000,0.05,X,realistic/dp0.01_mf0.05_rf0.05_gd0.01,0.53,1000,530,20260415_210247
MWPM+GCN,3,3,ibm_aachen,1,1000,0.05,X,realistic/dp0.01_mf0.05_rf0.05_gd0.01,0.438,1000,438,20260415_210247
GAT,3,3,ibm_aachen,1,1000,0.005,X,realistic/dp0.01_mf0.05_rf0.05_gd0.01,0.579,1000,579,20260415_210247
MWPM+GAT,3,3,ibm_aachen,1,1000,0.005,X,realistic/dp0.01_mf0.05_rf0.05_gd0.01,0.496,1000,496,20260415_210247
GAT,3,3,ibm_aachen,1,1000,0.01,X,realistic/dp0.01_mf0.05_rf0.05_gd0.01,0.437,1000,437,20260415_210247
MWPM+GAT,3,3,ibm_aachen,1,1000,0.01,X,realistic/dp0.01_mf0.05_rf0.05_gd0.01,0.496,1000,496,20260415_210247
GAT,3,3,ibm_aachen,1,1000,0.05,X,realistic/dp0.01_mf0.05_rf0.05_gd0.01,0.467,1000,467,20260415_210247
MWPM+GAT,3,3,ibm_aachen,1,1000,0.05,X,realistic/dp0.01_mf0.05_rf0.05_gd0.01,0.498,1000,498,20260415_210247
GNN,3,3,ibm_aachen,1,1000,0.005,X,realistic/dp0.01_mf0.05_rf0.05_gd0.01,0.711,1000,711,20260415_210247
MWPM+GNN,3,3,ibm_aachen,1,1000,0.005,X,realistic/dp0.01_mf0.05_rf0.05_gd0.01,0.493,1000,493,20260415_210247
GNN,3,3,ibm_aachen,1,1000,0.01,X,realistic/dp0.01_mf0.05_rf0.05_gd0.01,0.285,1000,285,20260415_210247
MWPM+GNN,3,3,ibm_aachen,1,1000,0.01,X,realistic/dp0.01_mf0.05_rf0.05_gd0.01,0.438,1000,438,20260415_210247
GNN,3,3,ibm_aachen,1,1000,0.05,X,realistic/dp0.01_mf0.05_rf0.05_gd0.01,0.482,1000,482,20260415_210247
MWPM+GNN,3,3,ibm_aachen,1,1000,0.05,X,realistic/dp0.01_mf0.05_rf0.05_gd0.01,0.496,1000,496,20260415_210247
GraphMamba,3,3,ibm_aachen,1,1000,0.005,X,realistic/dp0.01_mf0.05_rf0.05_gd0.01,0.281,1000,281,20260415_210247
MWPM+GraphMamba,3,3,ibm_aachen,1,1000,0.005,X,realistic/dp0.01_mf0.05_rf0.05_gd0.01,0.438,1000,438,20260415_210247
GraphMamba,3,3,ibm_aachen,1,1000,0.01,X,realistic/dp0.01_mf0.05_rf0.05_gd0.01,0.283,1000,283,20260415_210247
MWPM+GraphMamba,3,3,ibm_aachen,1,1000,0.01,X,realistic/dp0.01_mf0.05_rf0.05_gd0.01,0.438,1000,438,20260415_210247
GraphMamba,3,3,ibm_aachen,1,1000,0.05,X,realistic/dp0.01_mf0.05_rf0.05_gd0.01,0.291,1000,291,20260415_210247
MWPM+GraphMamba,3,3,ibm_aachen,1,1000,0.05,X,realistic/dp0.01_mf0.05_rf0.05_gd0.01,0.438,1000,438,20260415_210247
No_Correction,3,3,ibm_aachen,2,1000,0.0,,,0.218,1000,218,20260415_210437
MWPM,3,3,ibm_aachen,2,1000,0.0,,,0.453,1000,453,20260415_210437
CNN,3,3,ibm_aachen,2,1000,0.005,X,realistic/dp0.001_mf0.01_rf0.01_gd0.008,0.496,1000,496,20260415_210437
MWPM+CNN,3,3,ibm_aachen,2,1000,0.005,X,realistic/dp0.001_mf0.01_rf0.01_gd0.008,0.489,1000,489,20260415_210437
CNN,3,3,ibm_aachen,2,1000,0.01,X,realistic/dp0.001_mf0.01_rf0.01_gd0.008,0.701,1000,701,20260415_210437
MWPM+CNN,3,3,ibm_aachen,2,1000,0.01,X,realistic/dp0.001_mf0.01_rf0.01_gd0.008,0.489,1000,489,20260415_210437
CNN,3,3,ibm_aachen,2,1000,0.05,X,realistic/dp0.001_mf0.01_rf0.01_gd0.008,0.684,1000,684,20260415_210437
MWPM+CNN,3,3,ibm_aachen,2,1000,0.05,X,realistic/dp0.001_mf0.01_rf0.01_gd0.008,0.489,1000,489,20260415_210437
GCNII,3,3,ibm_aachen,2,1000,0.005,X,realistic/dp0.001_mf0.01_rf0.01_gd0.008,0.384,1000,384,20260415_210437
MWPM+GCNII,3,3,ibm_aachen,2,1000,0.005,X,realistic/dp0.001_mf0.01_rf0.01_gd0.008,0.489,1000,489,20260415_210437
GCNII,3,3,ibm_aachen,2,1000,0.01,X,realistic/dp0.001_mf0.01_rf0.01_gd0.008,0.218,1000,218,20260415_210437
MWPM+GCNII,3,3,ibm_aachen,2,1000,0.01,X,realistic/dp0.001_mf0.01_rf0.01_gd0.008,0.453,1000,453,20260415_210437
GCNII,3,3,ibm_aachen,2,1000,0.05,X,realistic/dp0.001_mf0.01_rf0.01_gd0.008,0.218,1000,218,20260415_210437
MWPM+GCNII,3,3,ibm_aachen,2,1000,0.05,X,realistic/dp0.001_mf0.01_rf0.01_gd0.008,0.453,1000,453,20260415_210437
APPNP,3,3,ibm_aachen,2,1000,0.005,X,realistic/dp0.001_mf0.01_rf0.01_gd0.008,0.23,1000,230,20260415_210437
MWPM+APPNP,3,3,ibm_aachen,2,1000,0.005,X,realistic/dp0.001_mf0.01_rf0.01_gd0.008,0.453,1000,453,20260415_210437
APPNP,3,3,ibm_aachen,2,1000,0.01,X,realistic/dp0.001_mf0.01_rf0.01_gd0.008,0.218,1000,218,20260415_210437
MWPM+APPNP,3,3,ibm_aachen,2,1000,0.01,X,realistic/dp0.001_mf0.01_rf0.01_gd0.008,0.453,1000,453,20260415_210437
APPNP,3,3,ibm_aachen,2,1000,0.05,X,realistic/dp0.001_mf0.01_rf0.01_gd0.008,0.782,1000,782,20260415_210437
MWPM+APPNP,3,3,ibm_aachen,2,1000,0.05,X,realistic/dp0.001_mf0.01_rf0.01_gd0.008,0.489,1000,489,20260415_210437
GraphTransformer,3,3,ibm_aachen,2,1000,0.005,X,realistic/dp0.001_mf0.01_rf0.01_gd0.008,0.216,1000,216,20260415_210437
MWPM+GraphTransformer,3,3,ibm_aachen,2,1000,0.005,X,realistic/dp0.001_mf0.01_rf0.01_gd0.008,0.453,1000,453,20260415_210437
GraphTransformer,3,3,ibm_aachen,2,1000,0.01,X,realistic/dp0.001_mf0.01_rf0.01_gd0.008,0.215,1000,215,20260415_210437
MWPM+GraphTransformer,3,3,ibm_aachen,2,1000,0.01,X,realistic/dp0.001_mf0.01_rf0.01_gd0.008,0.453,1000,453,20260415_210437
GraphTransformer,3,3,ibm_aachen,2,1000,0.05,X,realistic/dp0.001_mf0.01_rf0.01_gd0.008,0.213,1000,213,20260415_210437
MWPM+GraphTransformer,3,3,ibm_aachen,2,1000,0.05,X,realistic/dp0.001_mf0.01_rf0.01_gd0.008,0.453,1000,453,20260415_210437
GCN,3,3,ibm_aachen,2,1000,0.005,X,realistic/dp0.001_mf0.01_rf0.01_gd0.008,0.529,1000,529,20260415_210437
MWPM+GCN,3,3,ibm_aachen,2,1000,0.005,X,realistic/dp0.001_mf0.01_rf0.01_gd0.008,0.489,1000,489,20260415_210437
GCN,3,3,ibm_aachen,2,1000,0.01,X,realistic/dp0.001_mf0.01_rf0.01_gd0.008,0.569,1000,569,20260415_210437
MWPM+GCN,3,3,ibm_aachen,2,1000,0.01,X,realistic/dp0.001_mf0.01_rf0.01_gd0.008,0.445,1000,445,20260415_210437
GCN,3,3,ibm_aachen,2,1000,0.05,X,realistic/dp0.001_mf0.01_rf0.01_gd0.008,0.661,1000,661,20260415_210437
MWPM+GCN,3,3,ibm_aachen,2,1000,0.05,X,realistic/dp0.001_mf0.01_rf0.01_gd0.008,0.369,1000,369,20260415_210437
GAT,3,3,ibm_aachen,2,1000,0.005,X,realistic/dp0.001_mf0.01_rf0.01_gd0.008,0.599,1000,599,20260415_210437
MWPM+GAT,3,3,ibm_aachen,2,1000,0.005,X,realistic/dp0.001_mf0.01_rf0.01_gd0.008,0.489,1000,489,20260415_210437
GAT,3,3,ibm_aachen,2,1000,0.01,X,realistic/dp0.001_mf0.01_rf0.01_gd0.008,0.761,1000,761,20260415_210437
MWPM+GAT,3,3,ibm_aachen,2,1000,0.01,X,realistic/dp0.001_mf0.01_rf0.01_gd0.008,0.511,1000,511,20260415_210437
GAT,3,3,ibm_aachen,2,1000,0.05,X,realistic/dp0.001_mf0.01_rf0.01_gd0.008,0.78,1000,780,20260415_210437
MWPM+GAT,3,3,ibm_aachen,2,1000,0.05,X,realistic/dp0.001_mf0.01_rf0.01_gd0.008,0.489,1000,489,20260415_210437
GNN,3,3,ibm_aachen,2,1000,0.005,X,realistic/dp0.001_mf0.01_rf0.01_gd0.008,0.782,1000,782,20260415_210437
MWPM+GNN,3,3,ibm_aachen,2,1000,0.005,X,realistic/dp0.001_mf0.01_rf0.01_gd0.008,0.489,1000,489,20260415_210437
GNN,3,3,ibm_aachen,2,1000,0.01,X,realistic/dp0.001_mf0.01_rf0.01_gd0.008,0.379,1000,379,20260415_210437
MWPM+GNN,3,3,ibm_aachen,2,1000,0.01,X,realistic/dp0.001_mf0.01_rf0.01_gd0.008,0.453,1000,453,20260415_210437
GNN,3,3,ibm_aachen,2,1000,0.05,X,realistic/dp0.001_mf0.01_rf0.01_gd0.008,0.774,1000,774,20260415_210437
MWPM+GNN,3,3,ibm_aachen,2,1000,0.05,X,realistic/dp0.001_mf0.01_rf0.01_gd0.008,0.489,1000,489,20260415_210437
GraphMamba,3,3,ibm_aachen,2,1000,0.005,X,realistic/dp0.001_mf0.01_rf0.01_gd0.008,0.215,1000,215,20260415_210437
MWPM+GraphMamba,3,3,ibm_aachen,2,1000,0.005,X,realistic/dp0.001_mf0.01_rf0.01_gd0.008,0.453,1000,453,20260415_210437
GraphMamba,3,3,ibm_aachen,2,1000,0.01,X,realistic/dp0.001_mf0.01_rf0.01_gd0.008,0.214,1000,214,20260415_210437
MWPM+GraphMamba,3,3,ibm_aachen,2,1000,0.01,X,realistic/dp0.001_mf0.01_rf0.01_gd0.008,0.453,1000,453,20260415_210437
GraphMamba,3,3,ibm_aachen,2,1000,0.05,X,realistic/dp0.001_mf0.01_rf0.01_gd0.008,0.225,1000,225,20260415_210437
MWPM+GraphMamba,3,3,ibm_aachen,2,1000,0.05,X,realistic/dp0.001_mf0.01_rf0.01_gd0.008,0.453,1000,453,20260415_210437
CNN,3,3,ibm_aachen,2,1000,0.005,X,realistic/dp0.005_mf0.02_rf0.02_gd0.015,0.527,1000,527,20260415_210437
MWPM+CNN,3,3,ibm_aachen,2,1000,0.005,X,realistic/dp0.005_mf0.02_rf0.02_gd0.015,0.53,1000,530,20260415_210437
CNN,3,3,ibm_aachen,2,1000,0.01,X,realistic/dp0.005_mf0.02_rf0.02_gd0.015,0.565,1000,565,20260415_210437
MWPM+CNN,3,3,ibm_aachen,2,1000,0.01,X,realistic/dp0.005_mf0.02_rf0.02_gd0.015,0.473,1000,473,20260415_210437
CNN,3,3,ibm_aachen,2,1000,0.05,X,realistic/dp0.005_mf0.02_rf0.02_gd0.015,0.744,1000,744,20260415_210437
MWPM+CNN,3,3,ibm_aachen,2,1000,0.05,X,realistic/dp0.005_mf0.02_rf0.02_gd0.015,0.489,1000,489,20260415_210437
GCNII,3,3,ibm_aachen,2,1000,0.005,X,realistic/dp0.005_mf0.02_rf0.02_gd0.015,0.782,1000,782,20260415_210437
MWPM+GCNII,3,3,ibm_aachen,2,1000,0.005,X,realistic/dp0.005_mf0.02_rf0.02_gd0.015,0.489,1000,489,20260415_210437
GCNII,3,3,ibm_aachen,2,1000,0.01,X,realistic/dp0.005_mf0.02_rf0.02_gd0.015,0.218,1000,218,20260415_210437
MWPM+GCNII,3,3,ibm_aachen,2,1000,0.01,X,realistic/dp0.005_mf0.02_rf0.02_gd0.015,0.453,1000,453,20260415_210437
GCNII,3,3,ibm_aachen,2,1000,0.05,X,realistic/dp0.005_mf0.02_rf0.02_gd0.015,0.782,1000,782,20260415_210437
MWPM+GCNII,3,3,ibm_aachen,2,1000,0.05,X,realistic/dp0.005_mf0.02_rf0.02_gd0.015,0.489,1000,489,20260415_210437
APPNP,3,3,ibm_aachen,2,1000,0.005,X,realistic/dp0.005_mf0.02_rf0.02_gd0.015,0.232,1000,232,20260415_210437
MWPM+APPNP,3,3,ibm_aachen,2,1000,0.005,X,realistic/dp0.005_mf0.02_rf0.02_gd0.015,0.452,1000,452,20260415_210437
APPNP,3,3,ibm_aachen,2,1000,0.01,X,realistic/dp0.005_mf0.02_rf0.02_gd0.015,0.353,1000,353,20260415_210437
MWPM+APPNP,3,3,ibm_aachen,2,1000,0.01,X,realistic/dp0.005_mf0.02_rf0.02_gd0.015,0.453,1000,453,20260415_210437
APPNP,3,3,ibm_aachen,2,1000,0.05,X,realistic/dp0.005_mf0.02_rf0.02_gd0.015,0.395,1000,395,20260415_210437
MWPM+APPNP,3,3,ibm_aachen,2,1000,0.05,X,realistic/dp0.005_mf0.02_rf0.02_gd0.015,0.443,1000,443,20260415_210437
GraphTransformer,3,3,ibm_aachen,2,1000,0.005,X,realistic/dp0.005_mf0.02_rf0.02_gd0.015,0.216,1000,216,20260415_210437
MWPM+GraphTransformer,3,3,ibm_aachen,2,1000,0.005,X,realistic/dp0.005_mf0.02_rf0.02_gd0.015,0.453,1000,453,20260415_210437
GraphTransformer,3,3,ibm_aachen,2,1000,0.01,X,realistic/dp0.005_mf0.02_rf0.02_gd0.015,0.214,1000,214,20260415_210437
MWPM+GraphTransformer,3,3,ibm_aachen,2,1000,0.01,X,realistic/dp0.005_mf0.02_rf0.02_gd0.015,0.453,1000,453,20260415_210437
GraphTransformer,3,3,ibm_aachen,2,1000,0.05,X,realistic/dp0.005_mf0.02_rf0.02_gd0.015,0.217,1000,217,20260415_210437
MWPM+GraphTransformer,3,3,ibm_aachen,2,1000,0.05,X,realistic/dp0.005_mf0.02_rf0.02_gd0.015,0.453,1000,453,20260415_210437
GCN,3,3,ibm_aachen,2,1000,0.005,X,realistic/dp0.005_mf0.02_rf0.02_gd0.015,0.444,1000,444,20260415_210437
MWPM+GCN,3,3,ibm_aachen,2,1000,0.005,X,realistic/dp0.005_mf0.02_rf0.02_gd0.015,0.453,1000,453,20260415_210437
GCN,3,3,ibm_aachen,2,1000,0.01,X,realistic/dp0.005_mf0.02_rf0.02_gd0.015,0.37,1000,370,20260415_210437
MWPM+GCN,3,3,ibm_aachen,2,1000,0.01,X,realistic/dp0.005_mf0.02_rf0.02_gd0.015,0.52,1000,520,20260415_210437
GCN,3,3,ibm_aachen,2,1000,0.05,X,realistic/dp0.005_mf0.02_rf0.02_gd0.015,0.623,1000,623,20260415_210437
MWPM+GCN,3,3,ibm_aachen,2,1000,0.05,X,realistic/dp0.005_mf0.02_rf0.02_gd0.015,0.489,1000,489,20260415_210437
GAT,3,3,ibm_aachen,2,1000,0.005,X,realistic/dp0.005_mf0.02_rf0.02_gd0.015,0.785,1000,785,20260415_210437
MWPM+GAT,3,3,ibm_aachen,2,1000,0.005,X,realistic/dp0.005_mf0.02_rf0.02_gd0.015,0.489,1000,489,20260415_210437
GAT,3,3,ibm_aachen,2,1000,0.01,X,realistic/dp0.005_mf0.02_rf0.02_gd0.015,0.782,1000,782,20260415_210437
MWPM+GAT,3,3,ibm_aachen,2,1000,0.01,X,realistic/dp0.005_mf0.02_rf0.02_gd0.015,0.489,1000,489,20260415_210437
GAT,3,3,ibm_aachen,2,1000,0.05,X,realistic/dp0.005_mf0.02_rf0.02_gd0.015,0.536,1000,536,20260415_210437
MWPM+GAT,3,3,ibm_aachen,2,1000,0.05,X,realistic/dp0.005_mf0.02_rf0.02_gd0.015,0.472,1000,472,20260415_210437
GNN,3,3,ibm_aachen,2,1000,0.005,X,realistic/dp0.005_mf0.02_rf0.02_gd0.015,0.73,1000,730,20260415_210437
MWPM+GNN,3,3,ibm_aachen,2,1000,0.005,X,realistic/dp0.005_mf0.02_rf0.02_gd0.015,0.49,1000,490,20260415_210437
GNN,3,3,ibm_aachen,2,1000,0.01,X,realistic/dp0.005_mf0.02_rf0.02_gd0.015,0.745,1000,745,20260415_210437
MWPM+GNN,3,3,ibm_aachen,2,1000,0.01,X,realistic/dp0.005_mf0.02_rf0.02_gd0.015,0.49,1000,490,20260415_210437
GNN,3,3,ibm_aachen,2,1000,0.05,X,realistic/dp0.005_mf0.02_rf0.02_gd0.015,0.755,1000,755,20260415_210437
MWPM+GNN,3,3,ibm_aachen,2,1000,0.05,X,realistic/dp0.005_mf0.02_rf0.02_gd0.015,0.489,1000,489,20260415_210437
GraphMamba,3,3,ibm_aachen,2,1000,0.005,X,realistic/dp0.005_mf0.02_rf0.02_gd0.015,0.216,1000,216,20260415_210437
MWPM+GraphMamba,3,3,ibm_aachen,2,1000,0.005,X,realistic/dp0.005_mf0.02_rf0.02_gd0.015,0.453,1000,453,20260415_210437
GraphMamba,3,3,ibm_aachen,2,1000,0.01,X,realistic/dp0.005_mf0.02_rf0.02_gd0.015,0.215,1000,215,20260415_210437
MWPM+GraphMamba,3,3,ibm_aachen,2,1000,0.01,X,realistic/dp0.005_mf0.02_rf0.02_gd0.015,0.453,1000,453,20260415_210437
GraphMamba,3,3,ibm_aachen,2,1000,0.05,X,realistic/dp0.005_mf0.02_rf0.02_gd0.015,0.217,1000,217,20260415_210437
MWPM+GraphMamba,3,3,ibm_aachen,2,1000,0.05,X,realistic/dp0.005_mf0.02_rf0.02_gd0.015,0.453,1000,453,20260415_210437
CNN,3,3,ibm_aachen,2,1000,0.005,X,realistic/dp0.01_mf0.05_rf0.05_gd0.01,0.482,1000,482,20260415_210437
MWPM+CNN,3,3,ibm_aachen,2,1000,0.005,X,realistic/dp0.01_mf0.05_rf0.05_gd0.01,0.489,1000,489,20260415_210437
CNN,3,3,ibm_aachen,2,1000,0.01,X,realistic/dp0.01_mf0.05_rf0.05_gd0.01,0.72,1000,720,20260415_210437
MWPM+CNN,3,3,ibm_aachen,2,1000,0.01,X,realistic/dp0.01_mf0.05_rf0.05_gd0.01,0.489,1000,489,20260415_210437
CNN,3,3,ibm_aachen,2,1000,0.05,X,realistic/dp0.01_mf0.05_rf0.05_gd0.01,0.646,1000,646,20260415_210437
MWPM+CNN,3,3,ibm_aachen,2,1000,0.05,X,realistic/dp0.01_mf0.05_rf0.05_gd0.01,0.489,1000,489,20260415_210437
GCNII,3,3,ibm_aachen,2,1000,0.005,X,realistic/dp0.01_mf0.05_rf0.05_gd0.01,0.782,1000,782,20260415_210437
MWPM+GCNII,3,3,ibm_aachen,2,1000,0.005,X,realistic/dp0.01_mf0.05_rf0.05_gd0.01,0.489,1000,489,20260415_210437
GCNII,3,3,ibm_aachen,2,1000,0.01,X,realistic/dp0.01_mf0.05_rf0.05_gd0.01,0.782,1000,782,20260415_210437
MWPM+GCNII,3,3,ibm_aachen,2,1000,0.01,X,realistic/dp0.01_mf0.05_rf0.05_gd0.01,0.489,1000,489,20260415_210437
GCNII,3,3,ibm_aachen,2,1000,0.05,X,realistic/dp0.01_mf0.05_rf0.05_gd0.01,0.218,1000,218,20260415_210437
MWPM+GCNII,3,3,ibm_aachen,2,1000,0.05,X,realistic/dp0.01_mf0.05_rf0.05_gd0.01,0.453,1000,453,20260415_210437
APPNP,3,3,ibm_aachen,2,1000,0.005,X,realistic/dp0.01_mf0.05_rf0.05_gd0.01,0.218,1000,218,20260415_210437
MWPM+APPNP,3,3,ibm_aachen,2,1000,0.005,X,realistic/dp0.01_mf0.05_rf0.05_gd0.01,0.453,1000,453,20260415_210437
APPNP,3,3,ibm_aachen,2,1000,0.01,X,realistic/dp0.01_mf0.05_rf0.05_gd0.01,0.218,1000,218,20260415_210437
MWPM+APPNP,3,3,ibm_aachen,2,1000,0.01,X,realistic/dp0.01_mf0.05_rf0.05_gd0.01,0.453,1000,453,20260415_210437
APPNP,3,3,ibm_aachen,2,1000,0.05,X,realistic/dp0.01_mf0.05_rf0.05_gd0.01,0.218,1000,218,20260415_210437
MWPM+APPNP,3,3,ibm_aachen,2,1000,0.05,X,realistic/dp0.01_mf0.05_rf0.05_gd0.01,0.453,1000,453,20260415_210437
GraphTransformer,3,3,ibm_aachen,2,1000,0.005,X,realistic/dp0.01_mf0.05_rf0.05_gd0.01,0.218,1000,218,20260415_210437
MWPM+GraphTransformer,3,3,ibm_aachen,2,1000,0.005,X,realistic/dp0.01_mf0.05_rf0.05_gd0.01,0.453,1000,453,20260415_210437
GraphTransformer,3,3,ibm_aachen,2,1000,0.01,X,realistic/dp0.01_mf0.05_rf0.05_gd0.01,0.218,1000,218,20260415_210437
MWPM+GraphTransformer,3,3,ibm_aachen,2,1000,0.01,X,realistic/dp0.01_mf0.05_rf0.05_gd0.01,0.453,1000,453,20260415_210437
GraphTransformer,3,3,ibm_aachen,2,1000,0.05,X,realistic/dp0.01_mf0.05_rf0.05_gd0.01,0.219,1000,219,20260415_210437
MWPM+GraphTransformer,3,3,ibm_aachen,2,1000,0.05,X,realistic/dp0.01_mf0.05_rf0.05_gd0.01,0.453,1000,453,20260415_210437
GCN,3,3,ibm_aachen,2,1000,0.005,X,realistic/dp0.01_mf0.05_rf0.05_gd0.01,0.422,1000,422,20260415_210437
MWPM+GCN,3,3,ibm_aachen,2,1000,0.005,X,realistic/dp0.01_mf0.05_rf0.05_gd0.01,0.489,1000,489,20260415_210437
GCN,3,3,ibm_aachen,2,1000,0.01,X,realistic/dp0.01_mf0.05_rf0.05_gd0.01,0.584,1000,584,20260415_210437
MWPM+GCN,3,3,ibm_aachen,2,1000,0.01,X,realistic/dp0.01_mf0.05_rf0.05_gd0.01,0.489,1000,489,20260415_210437
GCN,3,3,ibm_aachen,2,1000,0.05,X,realistic/dp0.01_mf0.05_rf0.05_gd0.01,0.495,1000,495,20260415_210437
MWPM+GCN,3,3,ibm_aachen,2,1000,0.05,X,realistic/dp0.01_mf0.05_rf0.05_gd0.01,0.453,1000,453,20260415_210437
GAT,3,3,ibm_aachen,2,1000,0.005,X,realistic/dp0.01_mf0.05_rf0.05_gd0.01,0.632,1000,632,20260415_210437
MWPM+GAT,3,3,ibm_aachen,2,1000,0.005,X,realistic/dp0.01_mf0.05_rf0.05_gd0.01,0.489,1000,489,20260415_210437
GAT,3,3,ibm_aachen,2,1000,0.01,X,realistic/dp0.01_mf0.05_rf0.05_gd0.01,0.439,1000,439,20260415_210437
MWPM+GAT,3,3,ibm_aachen,2,1000,0.01,X,realistic/dp0.01_mf0.05_rf0.05_gd0.01,0.489,1000,489,20260415_210437
GAT,3,3,ibm_aachen,2,1000,0.05,X,realistic/dp0.01_mf0.05_rf0.05_gd0.01,0.459,1000,459,20260415_210437
MWPM+GAT,3,3,ibm_aachen,2,1000,0.05,X,realistic/dp0.01_mf0.05_rf0.05_gd0.01,0.488,1000,488,20260415_210437
GNN,3,3,ibm_aachen,2,1000,0.005,X,realistic/dp0.01_mf0.05_rf0.05_gd0.01,0.766,1000,766,20260415_210437
MWPM+GNN,3,3,ibm_aachen,2,1000,0.005,X,realistic/dp0.01_mf0.05_rf0.05_gd0.01,0.49,1000,490,20260415_210437
GNN,3,3,ibm_aachen,2,1000,0.01,X,realistic/dp0.01_mf0.05_rf0.05_gd0.01,0.22,1000,220,20260415_210437
MWPM+GNN,3,3,ibm_aachen,2,1000,0.01,X,realistic/dp0.01_mf0.05_rf0.05_gd0.01,0.453,1000,453,20260415_210437
GNN,3,3,ibm_aachen,2,1000,0.05,X,realistic/dp0.01_mf0.05_rf0.05_gd0.01,0.471,1000,471,20260415_210437
MWPM+GNN,3,3,ibm_aachen,2,1000,0.05,X,realistic/dp0.01_mf0.05_rf0.05_gd0.01,0.489,1000,489,20260415_210437
GraphMamba,3,3,ibm_aachen,2,1000,0.005,X,realistic/dp0.01_mf0.05_rf0.05_gd0.01,0.217,1000,217,20260415_210437
MWPM+GraphMamba,3,3,ibm_aachen,2,1000,0.005,X,realistic/dp0.01_mf0.05_rf0.05_gd0.01,0.453,1000,453,20260415_210437
GraphMamba,3,3,ibm_aachen,2,1000,0.01,X,realistic/dp0.01_mf0.05_rf0.05_gd0.01,0.217,1000,217,20260415_210437
MWPM+GraphMamba,3,3,ibm_aachen,2,1000,0.01,X,realistic/dp0.01_mf0.05_rf0.05_gd0.01,0.453,1000,453,20260415_210437
GraphMamba,3,3,ibm_aachen,2,1000,0.05,X,realistic/dp0.01_mf0.05_rf0.05_gd0.01,0.215,1000,215,20260415_210437
MWPM+GraphMamba,3,3,ibm_aachen,2,1000,0.05,X,realistic/dp0.01_mf0.05_rf0.05_gd0.01,0.453,1000,453,20260415_210437
No_Correction,3,3,ibm_aachen,3,1000,0.0,,,0.214,1000,214,20260415_210614
MWPM,3,3,ibm_aachen,3,1000,0.0,,,0.4,1000,400,20260415_210614
CNN,3,3,ibm_aachen,3,1000,0.005,X,realistic/dp0.001_mf0.01_rf0.01_gd0.008,0.495,1000,495,20260415_210614
MWPM+CNN,3,3,ibm_aachen,3,1000,0.005,X,realistic/dp0.001_mf0.01_rf0.01_gd0.008,0.517,1000,517,20260415_210614
CNN,3,3,ibm_aachen,3,1000,0.01,X,realistic/dp0.001_mf0.01_rf0.01_gd0.008,0.703,1000,703,20260415_210614
MWPM+CNN,3,3,ibm_aachen,3,1000,0.01,X,realistic/dp0.001_mf0.01_rf0.01_gd0.008,0.517,1000,517,20260415_210614
CNN,3,3,ibm_aachen,3,1000,0.05,X,realistic/dp0.001_mf0.01_rf0.01_gd0.008,0.7,1000,700,20260415_210614
MWPM+CNN,3,3,ibm_aachen,3,1000,0.05,X,realistic/dp0.001_mf0.01_rf0.01_gd0.008,0.517,1000,517,20260415_210614
GCNII,3,3,ibm_aachen,3,1000,0.005,X,realistic/dp0.001_mf0.01_rf0.01_gd0.008,0.381,1000,381,20260415_210614
MWPM+GCNII,3,3,ibm_aachen,3,1000,0.005,X,realistic/dp0.001_mf0.01_rf0.01_gd0.008,0.517,1000,517,20260415_210614
GCNII,3,3,ibm_aachen,3,1000,0.01,X,realistic/dp0.001_mf0.01_rf0.01_gd0.008,0.214,1000,214,20260415_210614
MWPM+GCNII,3,3,ibm_aachen,3,1000,0.01,X,realistic/dp0.001_mf0.01_rf0.01_gd0.008,0.4,1000,400,20260415_210614
GCNII,3,3,ibm_aachen,3,1000,0.05,X,realistic/dp0.001_mf0.01_rf0.01_gd0.008,0.214,1000,214,20260415_210614
MWPM+GCNII,3,3,ibm_aachen,3,1000,0.05,X,realistic/dp0.001_mf0.01_rf0.01_gd0.008,0.4,1000,400,20260415_210614
APPNP,3,3,ibm_aachen,3,1000,0.005,X,realistic/dp0.001_mf0.01_rf0.01_gd0.008,0.223,1000,223,20260415_210614
MWPM+APPNP,3,3,ibm_aachen,3,1000,0.005,X,realistic/dp0.001_mf0.01_rf0.01_gd0.008,0.4,1000,400,20260415_210614
APPNP,3,3,ibm_aachen,3,1000,0.01,X,realistic/dp0.001_mf0.01_rf0.01_gd0.008,0.214,1000,214,20260415_210614
MWPM+APPNP,3,3,ibm_aachen,3,1000,0.01,X,realistic/dp0.001_mf0.01_rf0.01_gd0.008,0.4,1000,400,20260415_210614
APPNP,3,3,ibm_aachen,3,1000,0.05,X,realistic/dp0.001_mf0.01_rf0.01_gd0.008,0.786,1000,786,20260415_210614
MWPM+APPNP,3,3,ibm_aachen,3,1000,0.05,X,realistic/dp0.001_mf0.01_rf0.01_gd0.008,0.517,1000,517,20260415_210614
GraphTransformer,3,3,ibm_aachen,3,1000,0.005,X,realistic/dp0.001_mf0.01_rf0.01_gd0.008,0.21,1000,210,20260415_210614
MWPM+GraphTransformer,3,3,ibm_aachen,3,1000,0.005,X,realistic/dp0.001_mf0.01_rf0.01_gd0.008,0.4,1000,400,20260415_210614
GraphTransformer,3,3,ibm_aachen,3,1000,0.01,X,realistic/dp0.001_mf0.01_rf0.01_gd0.008,0.21,1000,210,20260415_210614
MWPM+GraphTransformer,3,3,ibm_aachen,3,1000,0.01,X,realistic/dp0.001_mf0.01_rf0.01_gd0.008,0.4,1000,400,20260415_210614
GraphTransformer,3,3,ibm_aachen,3,1000,0.05,X,realistic/dp0.001_mf0.01_rf0.01_gd0.008,0.209,1000,209,20260415_210614
MWPM+GraphTransformer,3,3,ibm_aachen,3,1000,0.05,X,realistic/dp0.001_mf0.01_rf0.01_gd0.008,0.4,1000,400,20260415_210614
GCN,3,3,ibm_aachen,3,1000,0.005,X,realistic/dp0.001_mf0.01_rf0.01_gd0.008,0.508,1000,508,20260415_210614
MWPM+GCN,3,3,ibm_aachen,3,1000,0.005,X,realistic/dp0.001_mf0.01_rf0.01_gd0.008,0.517,1000,517,20260415_210614
GCN,3,3,ibm_aachen,3,1000,0.01,X,realistic/dp0.001_mf0.01_rf0.01_gd0.008,0.566,1000,566,20260415_210614
MWPM+GCN,3,3,ibm_aachen,3,1000,0.01,X,realistic/dp0.001_mf0.01_rf0.01_gd0.008,0.44,1000,440,20260415_210614
GCN,3,3,ibm_aachen,3,1000,0.05,X,realistic/dp0.001_mf0.01_rf0.01_gd0.008,0.682,1000,682,20260415_210614
MWPM+GCN,3,3,ibm_aachen,3,1000,0.05,X,realistic/dp0.001_mf0.01_rf0.01_gd0.008,0.381,1000,381,20260415_210614
GAT,3,3,ibm_aachen,3,1000,0.005,X,realistic/dp0.001_mf0.01_rf0.01_gd0.008,0.623,1000,623,20260415_210614
MWPM+GAT,3,3,ibm_aachen,3,1000,0.005,X,realistic/dp0.001_mf0.01_rf0.01_gd0.008,0.517,1000,517,20260415_210614
GAT,3,3,ibm_aachen,3,1000,0.01,X,realistic/dp0.001_mf0.01_rf0.01_gd0.008,0.778,1000,778,20260415_210614
MWPM+GAT,3,3,ibm_aachen,3,1000,0.01,X,realistic/dp0.001_mf0.01_rf0.01_gd0.008,0.54,1000,540,20260415_210614
GAT,3,3,ibm_aachen,3,1000,0.05,X,realistic/dp0.001_mf0.01_rf0.01_gd0.008,0.778,1000,778,20260415_210614
MWPM+GAT,3,3,ibm_aachen,3,1000,0.05,X,realistic/dp0.001_mf0.01_rf0.01_gd0.008,0.517,1000,517,20260415_210614
GNN,3,3,ibm_aachen,3,1000,0.005,X,realistic/dp0.001_mf0.01_rf0.01_gd0.008,0.784,1000,784,20260415_210614
MWPM+GNN,3,3,ibm_aachen,3,1000,0.005,X,realistic/dp0.001_mf0.01_rf0.01_gd0.008,0.517,1000,517,20260415_210614
GNN,3,3,ibm_aachen,3,1000,0.01,X,realistic/dp0.001_mf0.01_rf0.01_gd0.008,0.385,1000,385,20260415_210614
MWPM+GNN,3,3,ibm_aachen,3,1000,0.01,X,realistic/dp0.001_mf0.01_rf0.01_gd0.008,0.4,1000,400,20260415_210614
GNN,3,3,ibm_aachen,3,1000,0.05,X,realistic/dp0.001_mf0.01_rf0.01_gd0.008,0.786,1000,786,20260415_210614
MWPM+GNN,3,3,ibm_aachen,3,1000,0.05,X,realistic/dp0.001_mf0.01_rf0.01_gd0.008,0.517,1000,517,20260415_210614
GraphMamba,3,3,ibm_aachen,3,1000,0.005,X,realistic/dp0.001_mf0.01_rf0.01_gd0.008,0.212,1000,212,20260415_210614
MWPM+GraphMamba,3,3,ibm_aachen,3,1000,0.005,X,realistic/dp0.001_mf0.01_rf0.01_gd0.008,0.4,1000,400,20260415_210614
GraphMamba,3,3,ibm_aachen,3,1000,0.01,X,realistic/dp0.001_mf0.01_rf0.01_gd0.008,0.212,1000,212,20260415_210614
MWPM+GraphMamba,3,3,ibm_aachen,3,1000,0.01,X,realistic/dp0.001_mf0.01_rf0.01_gd0.008,0.4,1000,400,20260415_210614
GraphMamba,3,3,ibm_aachen,3,1000,0.05,X,realistic/dp0.001_mf0.01_rf0.01_gd0.008,0.216,1000,216,20260415_210614
MWPM+GraphMamba,3,3,ibm_aachen,3,1000,0.05,X,realistic/dp0.001_mf0.01_rf0.01_gd0.008,0.4,1000,400,20260415_210614
CNN,3,3,ibm_aachen,3,1000,0.005,X,realistic/dp0.005_mf0.02_rf0.02_gd0.015,0.517,1000,517,20260415_210614
MWPM+CNN,3,3,ibm_aachen,3,1000,0.005,X,realistic/dp0.005_mf0.02_rf0.02_gd0.015,0.548,1000,548,20260415_210614
CNN,3,3,ibm_aachen,3,1000,0.01,X,realistic/dp0.005_mf0.02_rf0.02_gd0.015,0.57,1000,570,20260415_210614
MWPM+CNN,3,3,ibm_aachen,3,1000,0.01,X,realistic/dp0.005_mf0.02_rf0.02_gd0.015,0.477,1000,477,20260415_210614
CNN,3,3,ibm_aachen,3,1000,0.05,X,realistic/dp0.005_mf0.02_rf0.02_gd0.015,0.748,1000,748,20260415_210614
MWPM+CNN,3,3,ibm_aachen,3,1000,0.05,X,realistic/dp0.005_mf0.02_rf0.02_gd0.015,0.517,1000,517,20260415_210614
GCNII,3,3,ibm_aachen,3,1000,0.005,X,realistic/dp0.005_mf0.02_rf0.02_gd0.015,0.786,1000,786,20260415_210614
MWPM+GCNII,3,3,ibm_aachen,3,1000,0.005,X,realistic/dp0.005_mf0.02_rf0.02_gd0.015,0.517,1000,517,20260415_210614
GCNII,3,3,ibm_aachen,3,1000,0.01,X,realistic/dp0.005_mf0.02_rf0.02_gd0.015,0.214,1000,214,20260415_210614
MWPM+GCNII,3,3,ibm_aachen,3,1000,0.01,X,realistic/dp0.005_mf0.02_rf0.02_gd0.015,0.4,1000,400,20260415_210614
GCNII,3,3,ibm_aachen,3,1000,0.05,X,realistic/dp0.005_mf0.02_rf0.02_gd0.015,0.786,1000,786,20260415_210614
MWPM+GCNII,3,3,ibm_aachen,3,1000,0.05,X,realistic/dp0.005_mf0.02_rf0.02_gd0.015,0.517,1000,517,20260415_210614
APPNP,3,3,ibm_aachen,3,1000,0.005,X,realistic/dp0.005_mf0.02_rf0.02_gd0.015,0.226,1000,226,20260415_210614
MWPM+APPNP,3,3,ibm_aachen,3,1000,0.005,X,realistic/dp0.005_mf0.02_rf0.02_gd0.015,0.4,1000,400,20260415_210614
APPNP,3,3,ibm_aachen,3,1000,0.01,X,realistic/dp0.005_mf0.02_rf0.02_gd0.015,0.35,1000,350,20260415_210614
MWPM+APPNP,3,3,ibm_aachen,3,1000,0.01,X,realistic/dp0.005_mf0.02_rf0.02_gd0.015,0.4,1000,400,20260415_210614
APPNP,3,3,ibm_aachen,3,1000,0.05,X,realistic/dp0.005_mf0.02_rf0.02_gd0.015,0.387,1000,387,20260415_210614
MWPM+APPNP,3,3,ibm_aachen,3,1000,0.05,X,realistic/dp0.005_mf0.02_rf0.02_gd0.015,0.454,1000,454,20260415_210614
GraphTransformer,3,3,ibm_aachen,3,1000,0.005,X,realistic/dp0.005_mf0.02_rf0.02_gd0.015,0.212,1000,212,20260415_210614
MWPM+GraphTransformer,3,3,ibm_aachen,3,1000,0.005,X,realistic/dp0.005_mf0.02_rf0.02_gd0.015,0.4,1000,400,20260415_210614
GraphTransformer,3,3,ibm_aachen,3,1000,0.01,X,realistic/dp0.005_mf0.02_rf0.02_gd0.015,0.211,1000,211,20260415_210614
MWPM+GraphTransformer,3,3,ibm_aachen,3,1000,0.01,X,realistic/dp0.005_mf0.02_rf0.02_gd0.015,0.4,1000,400,20260415_210614
GraphTransformer,3,3,ibm_aachen,3,1000,0.05,X,realistic/dp0.005_mf0.02_rf0.02_gd0.015,0.208,1000,208,20260415_210614
MWPM+GraphTransformer,3,3,ibm_aachen,3,1000,0.05,X,realistic/dp0.005_mf0.02_rf0.02_gd0.015,0.4,1000,400,20260415_210614
GCN,3,3,ibm_aachen,3,1000,0.005,X,realistic/dp0.005_mf0.02_rf0.02_gd0.015,0.46,1000,460,20260415_210614
MWPM+GCN,3,3,ibm_aachen,3,1000,0.005,X,realistic/dp0.005_mf0.02_rf0.02_gd0.015,0.4,1000,400,20260415_210614
GCN,3,3,ibm_aachen,3,1000,0.01,X,realistic/dp0.005_mf0.02_rf0.02_gd0.015,0.365,1000,365,20260415_210614
MWPM+GCN,3,3,ibm_aachen,3,1000,0.01,X,realistic/dp0.005_mf0.02_rf0.02_gd0.015,0.536,1000,536,20260415_210614
GCN,3,3,ibm_aachen,3,1000,0.05,X,realistic/dp0.005_mf0.02_rf0.02_gd0.015,0.637,1000,637,20260415_210614
MWPM+GCN,3,3,ibm_aachen,3,1000,0.05,X,realistic/dp0.005_mf0.02_rf0.02_gd0.015,0.517,1000,517,20260415_210614
GAT,3,3,ibm_aachen,3,1000,0.005,X,realistic/dp0.005_mf0.02_rf0.02_gd0.015,0.792,1000,792,20260415_210614
MWPM+GAT,3,3,ibm_aachen,3,1000,0.005,X,realistic/dp0.005_mf0.02_rf0.02_gd0.015,0.517,1000,517,20260415_210614
GAT,3,3,ibm_aachen,3,1000,0.01,X,realistic/dp0.005_mf0.02_rf0.02_gd0.015,0.789,1000,789,20260415_210614
MWPM+GAT,3,3,ibm_aachen,3,1000,0.01,X,realistic/dp0.005_mf0.02_rf0.02_gd0.015,0.517,1000,517,20260415_210614
GAT,3,3,ibm_aachen,3,1000,0.05,X,realistic/dp0.005_mf0.02_rf0.02_gd0.015,0.555,1000,555,20260415_210614
MWPM+GAT,3,3,ibm_aachen,3,1000,0.05,X,realistic/dp0.005_mf0.02_rf0.02_gd0.015,0.436,1000,436,20260415_210614
GNN,3,3,ibm_aachen,3,1000,0.005,X,realistic/dp0.005_mf0.02_rf0.02_gd0.015,0.741,1000,741,20260415_210614
MWPM+GNN,3,3,ibm_aachen,3,1000,0.005,X,realistic/dp0.005_mf0.02_rf0.02_gd0.015,0.517,1000,517,20260415_210614
GNN,3,3,ibm_aachen,3,1000,0.01,X,realistic/dp0.005_mf0.02_rf0.02_gd0.015,0.742,1000,742,20260415_210614
MWPM+GNN,3,3,ibm_aachen,3,1000,0.01,X,realistic/dp0.005_mf0.02_rf0.02_gd0.015,0.517,1000,517,20260415_210614
GNN,3,3,ibm_aachen,3,1000,0.05,X,realistic/dp0.005_mf0.02_rf0.02_gd0.015,0.746,1000,746,20260415_210614
MWPM+GNN,3,3,ibm_aachen,3,1000,0.05,X,realistic/dp0.005_mf0.02_rf0.02_gd0.015,0.517,1000,517,20260415_210614
GraphMamba,3,3,ibm_aachen,3,1000,0.005,X,realistic/dp0.005_mf0.02_rf0.02_gd0.015,0.214,1000,214,20260415_210614
MWPM+GraphMamba,3,3,ibm_aachen,3,1000,0.005,X,realistic/dp0.005_mf0.02_rf0.02_gd0.015,0.4,1000,400,20260415_210614
GraphMamba,3,3,ibm_aachen,3,1000,0.01,X,realistic/dp0.005_mf0.02_rf0.02_gd0.015,0.212,1000,212,20260415_210614
MWPM+GraphMamba,3,3,ibm_aachen,3,1000,0.01,X,realistic/dp0.005_mf0.02_rf0.02_gd0.015,0.4,1000,400,20260415_210614
GraphMamba,3,3,ibm_aachen,3,1000,0.05,X,realistic/dp0.005_mf0.02_rf0.02_gd0.015,0.21,1000,210,20260415_210614
MWPM+GraphMamba,3,3,ibm_aachen,3,1000,0.05,X,realistic/dp0.005_mf0.02_rf0.02_gd0.015,0.4,1000,400,20260415_210614
CNN,3,3,ibm_aachen,3,1000,0.005,X,realistic/dp0.01_mf0.05_rf0.05_gd0.01,0.514,1000,514,20260415_210614
MWPM+CNN,3,3,ibm_aachen,3,1000,0.005,X,realistic/dp0.01_mf0.05_rf0.05_gd0.01,0.517,1000,517,20260415_210614
CNN,3,3,ibm_aachen,3,1000,0.01,X,realistic/dp0.01_mf0.05_rf0.05_gd0.01,0.722,1000,722,20260415_210614
MWPM+CNN,3,3,ibm_aachen,3,1000,0.01,X,realistic/dp0.01_mf0.05_rf0.05_gd0.01,0.517,1000,517,20260415_210614
CNN,3,3,ibm_aachen,3,1000,0.05,X,realistic/dp0.01_mf0.05_rf0.05_gd0.01,0.662,1000,662,20260415_210614
MWPM+CNN,3,3,ibm_aachen,3,1000,0.05,X,realistic/dp0.01_mf0.05_rf0.05_gd0.01,0.517,1000,517,20260415_210614
GCNII,3,3,ibm_aachen,3,1000,0.005,X,realistic/dp0.01_mf0.05_rf0.05_gd0.01,0.786,1000,786,20260415_210614
MWPM+GCNII,3,3,ibm_aachen,3,1000,0.005,X,realistic/dp0.01_mf0.05_rf0.05_gd0.01,0.517,1000,517,20260415_210614
GCNII,3,3,ibm_aachen,3,1000,0.01,X,realistic/dp0.01_mf0.05_rf0.05_gd0.01,0.786,1000,786,20260415_210614
MWPM+GCNII,3,3,ibm_aachen,3,1000,0.01,X,realistic/dp0.01_mf0.05_rf0.05_gd0.01,0.517,1000,517,20260415_210614
GCNII,3,3,ibm_aachen,3,1000,0.05,X,realistic/dp0.01_mf0.05_rf0.05_gd0.01,0.214,1000,214,20260415_210614
MWPM+GCNII,3,3,ibm_aachen,3,1000,0.05,X,realistic/dp0.01_mf0.05_rf0.05_gd0.01,0.4,1000,400,20260415_210614
APPNP,3,3,ibm_aachen,3,1000,0.005,X,realistic/dp0.01_mf0.05_rf0.05_gd0.01,0.214,1000,214,20260415_210614
MWPM+APPNP,3,3,ibm_aachen,3,1000,0.005,X,realistic/dp0.01_mf0.05_rf0.05_gd0.01,0.4,1000,400,20260415_210614
APPNP,3,3,ibm_aachen,3,1000,0.01,X,realistic/dp0.01_mf0.05_rf0.05_gd0.01,0.214,1000,214,20260415_210614
MWPM+APPNP,3,3,ibm_aachen,3,1000,0.01,X,realistic/dp0.01_mf0.05_rf0.05_gd0.01,0.4,1000,400,20260415_210614
APPNP,3,3,ibm_aachen,3,1000,0.05,X,realistic/dp0.01_mf0.05_rf0.05_gd0.01,0.214,1000,214,20260415_210614
MWPM+APPNP,3,3,ibm_aachen,3,1000,0.05,X,realistic/dp0.01_mf0.05_rf0.05_gd0.01,0.4,1000,400,20260415_210614
GraphTransformer,3,3,ibm_aachen,3,1000,0.005,X,realistic/dp0.01_mf0.05_rf0.05_gd0.01,0.214,1000,214,20260415_210614
MWPM+GraphTransformer,3,3,ibm_aachen,3,1000,0.005,X,realistic/dp0.01_mf0.05_rf0.05_gd0.01,0.4,1000,400,20260415_210614
GraphTransformer,3,3,ibm_aachen,3,1000,0.01,X,realistic/dp0.01_mf0.05_rf0.05_gd0.01,0.214,1000,214,20260415_210614
MWPM+GraphTransformer,3,3,ibm_aachen,3,1000,0.01,X,realistic/dp0.01_mf0.05_rf0.05_gd0.01,0.4,1000,400,20260415_210614
GraphTransformer,3,3,ibm_aachen,3,1000,0.05,X,realistic/dp0.01_mf0.05_rf0.05_gd0.01,0.212,1000,212,20260415_210614
MWPM+GraphTransformer,3,3,ibm_aachen,3,1000,0.05,X,realistic/dp0.01_mf0.05_rf0.05_gd0.01,0.4,1000,400,20260415_210614
GCN,3,3,ibm_aachen,3,1000,0.005,X,realistic/dp0.01_mf0.05_rf0.05_gd0.01,0.404,1000,404,20260415_210614
MWPM+GCN,3,3,ibm_aachen,3,1000,0.005,X,realistic/dp0.01_mf0.05_rf0.05_gd0.01,0.517,1000,517,20260415_210614
GCN,3,3,ibm_aachen,3,1000,0.01,X,realistic/dp0.01_mf0.05_rf0.05_gd0.01,0.555,1000,555,20260415_210614
MWPM+GCN,3,3,ibm_aachen,3,1000,0.01,X,realistic/dp0.01_mf0.05_rf0.05_gd0.01,0.517,1000,517,20260415_210614
GCN,3,3,ibm_aachen,3,1000,0.05,X,realistic/dp0.01_mf0.05_rf0.05_gd0.01,0.489,1000,489,20260415_210614
MWPM+GCN,3,3,ibm_aachen,3,1000,0.05,X,realistic/dp0.01_mf0.05_rf0.05_gd0.01,0.4,1000,400,20260415_210614
GAT,3,3,ibm_aachen,3,1000,0.005,X,realistic/dp0.01_mf0.05_rf0.05_gd0.01,0.625,1000,625,20260415_210614
MWPM+GAT,3,3,ibm_aachen,3,1000,0.005,X,realistic/dp0.01_mf0.05_rf0.05_gd0.01,0.517,1000,517,20260415_210614
GAT,3,3,ibm_aachen,3,1000,0.01,X,realistic/dp0.01_mf0.05_rf0.05_gd0.01,0.459,1000,459,20260415_210614
MWPM+GAT,3,3,ibm_aachen,3,1000,0.01,X,realistic/dp0.01_mf0.05_rf0.05_gd0.01,0.517,1000,517,20260415_210614
GAT,3,3,ibm_aachen,3,1000,0.05,X,realistic/dp0.01_mf0.05_rf0.05_gd0.01,0.461,1000,461,20260415_210614
MWPM+GAT,3,3,ibm_aachen,3,1000,0.05,X,realistic/dp0.01_mf0.05_rf0.05_gd0.01,0.514,1000,514,20260415_210614
GNN,3,3,ibm_aachen,3,1000,0.005,X,realistic/dp0.01_mf0.05_rf0.05_gd0.01,0.773,1000,773,20260415_210614
MWPM+GNN,3,3,ibm_aachen,3,1000,0.005,X,realistic/dp0.01_mf0.05_rf0.05_gd0.01,0.517,1000,517,20260415_210614
GNN,3,3,ibm_aachen,3,1000,0.01,X,realistic/dp0.01_mf0.05_rf0.05_gd0.01,0.217,1000,217,20260415_210614
MWPM+GNN,3,3,ibm_aachen,3,1000,0.01,X,realistic/dp0.01_mf0.05_rf0.05_gd0.01,0.4,1000,400,20260415_210614
GNN,3,3,ibm_aachen,3,1000,0.05,X,realistic/dp0.01_mf0.05_rf0.05_gd0.01,0.488,1000,488,20260415_210614
MWPM+GNN,3,3,ibm_aachen,3,1000,0.05,X,realistic/dp0.01_mf0.05_rf0.05_gd0.01,0.517,1000,517,20260415_210614
GraphMamba,3,3,ibm_aachen,3,1000,0.005,X,realistic/dp0.01_mf0.05_rf0.05_gd0.01,0.214,1000,214,20260415_210614
MWPM+GraphMamba,3,3,ibm_aachen,3,1000,0.005,X,realistic/dp0.01_mf0.05_rf0.05_gd0.01,0.4,1000,400,20260415_210614
GraphMamba,3,3,ibm_aachen,3,1000,0.01,X,realistic/dp0.01_mf0.05_rf0.05_gd0.01,0.213,1000,213,20260415_210614
MWPM+GraphMamba,3,3,ibm_aachen,3,1000,0.01,X,realistic/dp0.01_mf0.05_rf0.05_gd0.01,0.4,1000,400,20260415_210614
GraphMamba,3,3,ibm_aachen,3,1000,0.05,X,realistic/dp0.01_mf0.05_rf0.05_gd0.01,0.214,1000,214,20260415_210614
MWPM+GraphMamba,3,3,ibm_aachen,3,1000,0.05,X,realistic/dp0.01_mf0.05_rf0.05_gd0.01,0.4,1000,400,20260415_210614
No_Correction,3,3,ibm_aachen,4,1000,0.0,,,0.186,1000,186,20260415_210758
MWPM,3,3,ibm_aachen,4,1000,0.0,,,0.407,1000,407,20260415_210758
CNN,3,3,ibm_aachen,4,1000,0.005,X,realistic/dp0.001_mf0.01_rf0.01_gd0.008,0.49,1000,490,20260415_210758
MWPM+CNN,3,3,ibm_aachen,4,1000,0.005,X,realistic/dp0.001_mf0.01_rf0.01_gd0.008,0.536,1000,536,20260415_210758
CNN,3,3,ibm_aachen,4,1000,0.01,X,realistic/dp0.001_mf0.01_rf0.01_gd0.008,0.724,1000,724,20260415_210758
MWPM+CNN,3,3,ibm_aachen,4,1000,0.01,X,realistic/dp0.001_mf0.01_rf0.01_gd0.008,0.536,1000,536,20260415_210758
CNN,3,3,ibm_aachen,4,1000,0.05,X,realistic/dp0.001_mf0.01_rf0.01_gd0.008,0.681,1000,681,20260415_210758
MWPM+CNN,3,3,ibm_aachen,4,1000,0.05,X,realistic/dp0.001_mf0.01_rf0.01_gd0.008,0.536,1000,536,20260415_210758
GCNII,3,3,ibm_aachen,4,1000,0.005,X,realistic/dp0.001_mf0.01_rf0.01_gd0.008,0.354,1000,354,20260415_210758
MWPM+GCNII,3,3,ibm_aachen,4,1000,0.005,X,realistic/dp0.001_mf0.01_rf0.01_gd0.008,0.536,1000,536,20260415_210758
GCNII,3,3,ibm_aachen,4,1000,0.01,X,realistic/dp0.001_mf0.01_rf0.01_gd0.008,0.186,1000,186,20260415_210758
MWPM+GCNII,3,3,ibm_aachen,4,1000,0.01,X,realistic/dp0.001_mf0.01_rf0.01_gd0.008,0.407,1000,407,20260415_210758
GCNII,3,3,ibm_aachen,4,1000,0.05,X,realistic/dp0.001_mf0.01_rf0.01_gd0.008,0.186,1000,186,20260415_210758
MWPM+GCNII,3,3,ibm_aachen,4,1000,0.05,X,realistic/dp0.001_mf0.01_rf0.01_gd0.008,0.407,1000,407,20260415_210758
APPNP,3,3,ibm_aachen,4,1000,0.005,X,realistic/dp0.001_mf0.01_rf0.01_gd0.008,0.193,1000,193,20260415_210758
MWPM+APPNP,3,3,ibm_aachen,4,1000,0.005,X,realistic/dp0.001_mf0.01_rf0.01_gd0.008,0.407,1000,407,20260415_210758
APPNP,3,3,ibm_aachen,4,1000,0.01,X,realistic/dp0.001_mf0.01_rf0.01_gd0.008,0.186,1000,186,20260415_210758
MWPM+APPNP,3,3,ibm_aachen,4,1000,0.01,X,realistic/dp0.001_mf0.01_rf0.01_gd0.008,0.407,1000,407,20260415_210758
APPNP,3,3,ibm_aachen,4,1000,0.05,X,realistic/dp0.001_mf0.01_rf0.01_gd0.008,0.814,1000,814,20260415_210758
MWPM+APPNP,3,3,ibm_aachen,4,1000,0.05,X,realistic/dp0.001_mf0.01_rf0.01_gd0.008,0.536,1000,536,20260415_210758
GraphTransformer,3,3,ibm_aachen,4,1000,0.005,X,realistic/dp0.001_mf0.01_rf0.01_gd0.008,0.187,1000,187,20260415_210758
MWPM+GraphTransformer,3,3,ibm_aachen,4,1000,0.005,X,realistic/dp0.001_mf0.01_rf0.01_gd0.008,0.407,1000,407,20260415_210758
GraphTransformer,3,3,ibm_aachen,4,1000,0.01,X,realistic/dp0.001_mf0.01_rf0.01_gd0.008,0.187,1000,187,20260415_210758
MWPM+GraphTransformer,3,3,ibm_aachen,4,1000,0.01,X,realistic/dp0.001_mf0.01_rf0.01_gd0.008,0.407,1000,407,20260415_210758
GraphTransformer,3,3,ibm_aachen,4,1000,0.05,X,realistic/dp0.001_mf0.01_rf0.01_gd0.008,0.197,1000,197,20260415_210758
MWPM+GraphTransformer,3,3,ibm_aachen,4,1000,0.05,X,realistic/dp0.001_mf0.01_rf0.01_gd0.008,0.407,1000,407,20260415_210758
GCN,3,3,ibm_aachen,4,1000,0.005,X,realistic/dp0.001_mf0.01_rf0.01_gd0.008,0.5,1000,500,20260415_210758
MWPM+GCN,3,3,ibm_aachen,4,1000,0.005,X,realistic/dp0.001_mf0.01_rf0.01_gd0.008,0.536,1000,536,20260415_210758
GCN,3,3,ibm_aachen,4,1000,0.01,X,realistic/dp0.001_mf0.01_rf0.01_gd0.008,0.591,1000,591,20260415_210758
MWPM+GCN,3,3,ibm_aachen,4,1000,0.01,X,realistic/dp0.001_mf0.01_rf0.01_gd0.008,0.501,1000,501,20260415_210758
GCN,3,3,ibm_aachen,4,1000,0.05,X,realistic/dp0.001_mf0.01_rf0.01_gd0.008,0.72,1000,720,20260415_210758
MWPM+GCN,3,3,ibm_aachen,4,1000,0.05,X,realistic/dp0.001_mf0.01_rf0.01_gd0.008,0.414,1000,414,20260415_210758
GAT,3,3,ibm_aachen,4,1000,0.005,X,realistic/dp0.001_mf0.01_rf0.01_gd0.008,0.638,1000,638,20260415_210758
MWPM+GAT,3,3,ibm_aachen,4,1000,0.005,X,realistic/dp0.001_mf0.01_rf0.01_gd0.008,0.536,1000,536,20260415_210758
GAT,3,3,ibm_aachen,4,1000,0.01,X,realistic/dp0.001_mf0.01_rf0.01_gd0.008,0.805,1000,805,20260415_210758
MWPM+GAT,3,3,ibm_aachen,4,1000,0.01,X,realistic/dp0.001_mf0.01_rf0.01_gd0.008,0.542,1000,542,20260415_210758
GAT,3,3,ibm_aachen,4,1000,0.05,X,realistic/dp0.001_mf0.01_rf0.01_gd0.008,0.812,1000,812,20260415_210758
MWPM+GAT,3,3,ibm_aachen,4,1000,0.05,X,realistic/dp0.001_mf0.01_rf0.01_gd0.008,0.536,1000,536,20260415_210758
GNN,3,3,ibm_aachen,4,1000,0.005,X,realistic/dp0.001_mf0.01_rf0.01_gd0.008,0.818,1000,818,20260415_210758
MWPM+GNN,3,3,ibm_aachen,4,1000,0.005,X,realistic/dp0.001_mf0.01_rf0.01_gd0.008,0.536,1000,536,20260415_210758
GNN,3,3,ibm_aachen,4,1000,0.01,X,realistic/dp0.001_mf0.01_rf0.01_gd0.008,0.348,1000,348,20260415_210758
MWPM+GNN,3,3,ibm_aachen,4,1000,0.01,X,realistic/dp0.001_mf0.01_rf0.01_gd0.008,0.407,1000,407,20260415_210758
GNN,3,3,ibm_aachen,4,1000,0.05,X,realistic/dp0.001_mf0.01_rf0.01_gd0.008,0.811,1000,811,20260415_210758
MWPM+GNN,3,3,ibm_aachen,4,1000,0.05,X,realistic/dp0.001_mf0.01_rf0.01_gd0.008,0.536,1000,536,20260415_210758
GraphMamba,3,3,ibm_aachen,4,1000,0.005,X,realistic/dp0.001_mf0.01_rf0.01_gd0.008,0.186,1000,186,20260415_210758
MWPM+GraphMamba,3,3,ibm_aachen,4,1000,0.005,X,realistic/dp0.001_mf0.01_rf0.01_gd0.008,0.407,1000,407,20260415_210758
GraphMamba,3,3,ibm_aachen,4,1000,0.01,X,realistic/dp0.001_mf0.01_rf0.01_gd0.008,0.184,1000,184,20260415_210758
MWPM+GraphMamba,3,3,ibm_aachen,4,1000,0.01,X,realistic/dp0.001_mf0.01_rf0.01_gd0.008,0.407,1000,407,20260415_210758
GraphMamba,3,3,ibm_aachen,4,1000,0.05,X,realistic/dp0.001_mf0.01_rf0.01_gd0.008,0.198,1000,198,20260415_210758
MWPM+GraphMamba,3,3,ibm_aachen,4,1000,0.05,X,realistic/dp0.001_mf0.01_rf0.01_gd0.008,0.407,1000,407,20260415_210758
CNN,3,3,ibm_aachen,4,1000,0.005,X,realistic/dp0.005_mf0.02_rf0.02_gd0.015,0.519,1000,519,20260415_210758
MWPM+CNN,3,3,ibm_aachen,4,1000,0.005,X,realistic/dp0.005_mf0.02_rf0.02_gd0.015,0.529,1000,529,20260415_210758
CNN,3,3,ibm_aachen,4,1000,0.01,X,realistic/dp0.005_mf0.02_rf0.02_gd0.015,0.589,1000,589,20260415_210758
MWPM+CNN,3,3,ibm_aachen,4,1000,0.01,X,realistic/dp0.005_mf0.02_rf0.02_gd0.015,0.502,1000,502,20260415_210758
CNN,3,3,ibm_aachen,4,1000,0.05,X,realistic/dp0.005_mf0.02_rf0.02_gd0.015,0.786,1000,786,20260415_210758
MWPM+CNN,3,3,ibm_aachen,4,1000,0.05,X,realistic/dp0.005_mf0.02_rf0.02_gd0.015,0.536,1000,536,20260415_210758
GCNII,3,3,ibm_aachen,4,1000,0.005,X,realistic/dp0.005_mf0.02_rf0.02_gd0.015,0.814,1000,814,20260415_210758
MWPM+GCNII,3,3,ibm_aachen,4,1000,0.005,X,realistic/dp0.005_mf0.02_rf0.02_gd0.015,0.536,1000,536,20260415_210758
GCNII,3,3,ibm_aachen,4,1000,0.01,X,realistic/dp0.005_mf0.02_rf0.02_gd0.015,0.186,1000,186,20260415_210758
MWPM+GCNII,3,3,ibm_aachen,4,1000,0.01,X,realistic/dp0.005_mf0.02_rf0.02_gd0.015,0.407,1000,407,20260415_210758
GCNII,3,3,ibm_aachen,4,1000,0.05,X,realistic/dp0.005_mf0.02_rf0.02_gd0.015,0.814,1000,814,20260415_210758
MWPM+GCNII,3,3,ibm_aachen,4,1000,0.05,X,realistic/dp0.005_mf0.02_rf0.02_gd0.015,0.536,1000,536,20260415_210758
APPNP,3,3,ibm_aachen,4,1000,0.005,X,realistic/dp0.005_mf0.02_rf0.02_gd0.015,0.193,1000,193,20260415_210758
MWPM+APPNP,3,3,ibm_aachen,4,1000,0.005,X,realistic/dp0.005_mf0.02_rf0.02_gd0.015,0.41,1000,410,20260415_210758
APPNP,3,3,ibm_aachen,4,1000,0.01,X,realistic/dp0.005_mf0.02_rf0.02_gd0.015,0.343,1000,343,20260415_210758
MWPM+APPNP,3,3,ibm_aachen,4,1000,0.01,X,realistic/dp0.005_mf0.02_rf0.02_gd0.015,0.407,1000,407,20260415_210758
APPNP,3,3,ibm_aachen,4,1000,0.05,X,realistic/dp0.005_mf0.02_rf0.02_gd0.015,0.373,1000,373,20260415_210758
MWPM+APPNP,3,3,ibm_aachen,4,1000,0.05,X,realistic/dp0.005_mf0.02_rf0.02_gd0.015,0.472,1000,472,20260415_210758
GraphTransformer,3,3,ibm_aachen,4,1000,0.005,X,realistic/dp0.005_mf0.02_rf0.02_gd0.015,0.189,1000,189,20260415_210758
MWPM+GraphTransformer,3,3,ibm_aachen,4,1000,0.005,X,realistic/dp0.005_mf0.02_rf0.02_gd0.015,0.407,1000,407,20260415_210758
GraphTransformer,3,3,ibm_aachen,4,1000,0.01,X,realistic/dp0.005_mf0.02_rf0.02_gd0.015,0.188,1000,188,20260415_210758
MWPM+GraphTransformer,3,3,ibm_aachen,4,1000,0.01,X,realistic/dp0.005_mf0.02_rf0.02_gd0.015,0.407,1000,407,20260415_210758
GraphTransformer,3,3,ibm_aachen,4,1000,0.05,X,realistic/dp0.005_mf0.02_rf0.02_gd0.015,0.187,1000,187,20260415_210758
MWPM+GraphTransformer,3,3,ibm_aachen,4,1000,0.05,X,realistic/dp0.005_mf0.02_rf0.02_gd0.015,0.407,1000,407,20260415_210758
GCN,3,3,ibm_aachen,4,1000,0.005,X,realistic/dp0.005_mf0.02_rf0.02_gd0.015,0.448,1000,448,20260415_210758
MWPM+GCN,3,3,ibm_aachen,4,1000,0.005,X,realistic/dp0.005_mf0.02_rf0.02_gd0.015,0.407,1000,407,20260415_210758
GCN,3,3,ibm_aachen,4,1000,0.01,X,realistic/dp0.005_mf0.02_rf0.02_gd0.015,0.341,1000,341,20260415_210758
MWPM+GCN,3,3,ibm_aachen,4,1000,0.01,X,realistic/dp0.005_mf0.02_rf0.02_gd0.015,0.559,1000,559,20260415_210758
GCN,3,3,ibm_aachen,4,1000,0.05,X,realistic/dp0.005_mf0.02_rf0.02_gd0.015,0.628,1000,628,20260415_210758
MWPM+GCN,3,3,ibm_aachen,4,1000,0.05,X,realistic/dp0.005_mf0.02_rf0.02_gd0.015,0.536,1000,536,20260415_210758
GAT,3,3,ibm_aachen,4,1000,0.005,X,realistic/dp0.005_mf0.02_rf0.02_gd0.015,0.816,1000,816,20260415_210758
MWPM+GAT,3,3,ibm_aachen,4,1000,0.005,X,realistic/dp0.005_mf0.02_rf0.02_gd0.015,0.536,1000,536,20260415_210758
GAT,3,3,ibm_aachen,4,1000,0.01,X,realistic/dp0.005_mf0.02_rf0.02_gd0.015,0.81,1000,810,20260415_210758
MWPM+GAT,3,3,ibm_aachen,4,1000,0.01,X,realistic/dp0.005_mf0.02_rf0.02_gd0.015,0.536,1000,536,20260415_210758
GAT,3,3,ibm_aachen,4,1000,0.05,X,realistic/dp0.005_mf0.02_rf0.02_gd0.015,0.523,1000,523,20260415_210758
MWPM+GAT,3,3,ibm_aachen,4,1000,0.05,X,realistic/dp0.005_mf0.02_rf0.02_gd0.015,0.437,1000,437,20260415_210758
GNN,3,3,ibm_aachen,4,1000,0.005,X,realistic/dp0.005_mf0.02_rf0.02_gd0.015,0.789,1000,789,20260415_210758
MWPM+GNN,3,3,ibm_aachen,4,1000,0.005,X,realistic/dp0.005_mf0.02_rf0.02_gd0.015,0.533,1000,533,20260415_210758
GNN,3,3,ibm_aachen,4,1000,0.01,X,realistic/dp0.005_mf0.02_rf0.02_gd0.015,0.759,1000,759,20260415_210758
MWPM+GNN,3,3,ibm_aachen,4,1000,0.01,X,realistic/dp0.005_mf0.02_rf0.02_gd0.015,0.533,1000,533,20260415_210758
GNN,3,3,ibm_aachen,4,1000,0.05,X,realistic/dp0.005_mf0.02_rf0.02_gd0.015,0.779,1000,779,20260415_210758
MWPM+GNN,3,3,ibm_aachen,4,1000,0.05,X,realistic/dp0.005_mf0.02_rf0.02_gd0.015,0.536,1000,536,20260415_210758
GraphMamba,3,3,ibm_aachen,4,1000,0.005,X,realistic/dp0.005_mf0.02_rf0.02_gd0.015,0.188,1000,188,20260415_210758
MWPM+GraphMamba,3,3,ibm_aachen,4,1000,0.005,X,realistic/dp0.005_mf0.02_rf0.02_gd0.015,0.407,1000,407,20260415_210758
GraphMamba,3,3,ibm_aachen,4,1000,0.01,X,realistic/dp0.005_mf0.02_rf0.02_gd0.015,0.187,1000,187,20260415_210758
MWPM+GraphMamba,3,3,ibm_aachen,4,1000,0.01,X,realistic/dp0.005_mf0.02_rf0.02_gd0.015,0.407,1000,407,20260415_210758
GraphMamba,3,3,ibm_aachen,4,1000,0.05,X,realistic/dp0.005_mf0.02_rf0.02_gd0.015,0.187,1000,187,20260415_210758
MWPM+GraphMamba,3,3,ibm_aachen,4,1000,0.05,X,realistic/dp0.005_mf0.02_rf0.02_gd0.015,0.407,1000,407,20260415_210758
CNN,3,3,ibm_aachen,4,1000,0.005,X,realistic/dp0.01_mf0.05_rf0.05_gd0.01,0.475,1000,475,20260415_210758
MWPM+CNN,3,3,ibm_aachen,4,1000,0.005,X,realistic/dp0.01_mf0.05_rf0.05_gd0.01,0.536,1000,536,20260415_210758
CNN,3,3,ibm_aachen,4,1000,0.01,X,realistic/dp0.01_mf0.05_rf0.05_gd0.01,0.745,1000,745,20260415_210758
MWPM+CNN,3,3,ibm_aachen,4,1000,0.01,X,realistic/dp0.01_mf0.05_rf0.05_gd0.01,0.536,1000,536,20260415_210758
CNN,3,3,ibm_aachen,4,1000,0.05,X,realistic/dp0.01_mf0.05_rf0.05_gd0.01,0.663,1000,663,20260415_210758
MWPM+CNN,3,3,ibm_aachen,4,1000,0.05,X,realistic/dp0.01_mf0.05_rf0.05_gd0.01,0.536,1000,536,20260415_210758
GCNII,3,3,ibm_aachen,4,1000,0.005,X,realistic/dp0.01_mf0.05_rf0.05_gd0.01,0.814,1000,814,20260415_210758
MWPM+GCNII,3,3,ibm_aachen,4,1000,0.005,X,realistic/dp0.01_mf0.05_rf0.05_gd0.01,0.536,1000,536,20260415_210758
GCNII,3,3,ibm_aachen,4,1000,0.01,X,realistic/dp0.01_mf0.05_rf0.05_gd0.01,0.814,1000,814,20260415_210758
MWPM+GCNII,3,3,ibm_aachen,4,1000,0.01,X,realistic/dp0.01_mf0.05_rf0.05_gd0.01,0.536,1000,536,20260415_210758
GCNII,3,3,ibm_aachen,4,1000,0.05,X,realistic/dp0.01_mf0.05_rf0.05_gd0.01,0.186,1000,186,20260415_210758
MWPM+GCNII,3,3,ibm_aachen,4,1000,0.05,X,realistic/dp0.01_mf0.05_rf0.05_gd0.01,0.407,1000,407,20260415_210758
APPNP,3,3,ibm_aachen,4,1000,0.005,X,realistic/dp0.01_mf0.05_rf0.05_gd0.01,0.186,1000,186,20260415_210758
MWPM+APPNP,3,3,ibm_aachen,4,1000,0.005,X,realistic/dp0.01_mf0.05_rf0.05_gd0.01,0.407,1000,407,20260415_210758
APPNP,3,3,ibm_aachen,4,1000,0.01,X,realistic/dp0.01_mf0.05_rf0.05_gd0.01,0.186,1000,186,20260415_210758
MWPM+APPNP,3,3,ibm_aachen,4,1000,0.01,X,realistic/dp0.01_mf0.05_rf0.05_gd0.01,0.407,1000,407,20260415_210758
APPNP,3,3,ibm_aachen,4,1000,0.05,X,realistic/dp0.01_mf0.05_rf0.05_gd0.01,0.186,1000,186,20260415_210758
MWPM+APPNP,3,3,ibm_aachen,4,1000,0.05,X,realistic/dp0.01_mf0.05_rf0.05_gd0.01,0.407,1000,407,20260415_210758
GraphTransformer,3,3,ibm_aachen,4,1000,0.005,X,realistic/dp0.01_mf0.05_rf0.05_gd0.01,0.186,1000,186,20260415_210758
MWPM+GraphTransformer,3,3,ibm_aachen,4,1000,0.005,X,realistic/dp0.01_mf0.05_rf0.05_gd0.01,0.407,1000,407,20260415_210758
GraphTransformer,3,3,ibm_aachen,4,1000,0.01,X,realistic/dp0.01_mf0.05_rf0.05_gd0.01,0.186,1000,186,20260415_210758
MWPM+GraphTransformer,3,3,ibm_aachen,4,1000,0.01,X,realistic/dp0.01_mf0.05_rf0.05_gd0.01,0.407,1000,407,20260415_210758
GraphTransformer,3,3,ibm_aachen,4,1000,0.05,X,realistic/dp0.01_mf0.05_rf0.05_gd0.01,0.188,1000,188,20260415_210758
MWPM+GraphTransformer,3,3,ibm_aachen,4,1000,0.05,X,realistic/dp0.01_mf0.05_rf0.05_gd0.01,0.407,1000,407,20260415_210758
GCN,3,3,ibm_aachen,4,1000,0.005,X,realistic/dp0.01_mf0.05_rf0.05_gd0.01,0.36,1000,360,20260415_210758
MWPM+GCN,3,3,ibm_aachen,4,1000,0.005,X,realistic/dp0.01_mf0.05_rf0.05_gd0.01,0.536,1000,536,20260415_210758
GCN,3,3,ibm_aachen,4,1000,0.01,X,realistic/dp0.01_mf0.05_rf0.05_gd0.01,0.542,1000,542,20260415_210758
MWPM+GCN,3,3,ibm_aachen,4,1000,0.01,X,realistic/dp0.01_mf0.05_rf0.05_gd0.01,0.536,1000,536,20260415_210758
GCN,3,3,ibm_aachen,4,1000,0.05,X,realistic/dp0.01_mf0.05_rf0.05_gd0.01,0.521,1000,521,20260415_210758
MWPM+GCN,3,3,ibm_aachen,4,1000,0.05,X,realistic/dp0.01_mf0.05_rf0.05_gd0.01,0.407,1000,407,20260415_210758
GAT,3,3,ibm_aachen,4,1000,0.005,X,realistic/dp0.01_mf0.05_rf0.05_gd0.01,0.652,1000,652,20260415_210758
MWPM+GAT,3,3,ibm_aachen,4,1000,0.005,X,realistic/dp0.01_mf0.05_rf0.05_gd0.01,0.536,1000,536,20260415_210758
GAT,3,3,ibm_aachen,4,1000,0.01,X,realistic/dp0.01_mf0.05_rf0.05_gd0.01,0.452,1000,452,20260415_210758
MWPM+GAT,3,3,ibm_aachen,4,1000,0.01,X,realistic/dp0.01_mf0.05_rf0.05_gd0.01,0.536,1000,536,20260415_210758
GAT,3,3,ibm_aachen,4,1000,0.05,X,realistic/dp0.01_mf0.05_rf0.05_gd0.01,0.465,1000,465,20260415_210758
MWPM+GAT,3,3,ibm_aachen,4,1000,0.05,X,realistic/dp0.01_mf0.05_rf0.05_gd0.01,0.539,1000,539,20260415_210758
GNN,3,3,ibm_aachen,4,1000,0.005,X,realistic/dp0.01_mf0.05_rf0.05_gd0.01,0.808,1000,808,20260415_210758
MWPM+GNN,3,3,ibm_aachen,4,1000,0.005,X,realistic/dp0.01_mf0.05_rf0.05_gd0.01,0.533,1000,533,20260415_210758
GNN,3,3,ibm_aachen,4,1000,0.01,X,realistic/dp0.01_mf0.05_rf0.05_gd0.01,0.182,1000,182,20260415_210758
MWPM+GNN,3,3,ibm_aachen,4,1000,0.01,X,realistic/dp0.01_mf0.05_rf0.05_gd0.01,0.407,1000,407,20260415_210758
GNN,3,3,ibm_aachen,4,1000,0.05,X,realistic/dp0.01_mf0.05_rf0.05_gd0.01,0.492,1000,492,20260415_210758
MWPM+GNN,3,3,ibm_aachen,4,1000,0.05,X,realistic/dp0.01_mf0.05_rf0.05_gd0.01,0.536,1000,536,20260415_210758
GraphMamba,3,3,ibm_aachen,4,1000,0.005,X,realistic/dp0.01_mf0.05_rf0.05_gd0.01,0.186,1000,186,20260415_210758
MWPM+GraphMamba,3,3,ibm_aachen,4,1000,0.005,X,realistic/dp0.01_mf0.05_rf0.05_gd0.01,0.407,1000,407,20260415_210758
GraphMamba,3,3,ibm_aachen,4,1000,0.01,X,realistic/dp0.01_mf0.05_rf0.05_gd0.01,0.187,1000,187,20260415_210758
MWPM+GraphMamba,3,3,ibm_aachen,4,1000,0.01,X,realistic/dp0.01_mf0.05_rf0.05_gd0.01,0.407,1000,407,20260415_210758
GraphMamba,3,3,ibm_aachen,4,1000,0.05,X,realistic/dp0.01_mf0.05_rf0.05_gd0.01,0.184,1000,184,20260415_210758
MWPM+GraphMamba,3,3,ibm_aachen,4,1000,0.05,X,realistic/dp0.01_mf0.05_rf0.05_gd0.01,0.407,1000,407,20260415_210758
No_Correction,3,3,ibm_aachen,5,1000,0.0,,,0.328,1000,328,20260415_210940
MWPM,3,3,ibm_aachen,5,1000,0.0,,,0.42,1000,420,20260415_210940
CNN,3,3,ibm_aachen,5,1000,0.005,X,realistic/dp0.001_mf0.01_rf0.01_gd0.008,0.514,1000,514,20260415_210940
MWPM+CNN,3,3,ibm_aachen,5,1000,0.005,X,realistic/dp0.001_mf0.01_rf0.01_gd0.008,0.535,1000,535,20260415_210940
CNN,3,3,ibm_aachen,5,1000,0.01,X,realistic/dp0.001_mf0.01_rf0.01_gd0.008,0.623,1000,623,20260415_210940
MWPM+CNN,3,3,ibm_aachen,5,1000,0.01,X,realistic/dp0.001_mf0.01_rf0.01_gd0.008,0.535,1000,535,20260415_210940
CNN,3,3,ibm_aachen,5,1000,0.05,X,realistic/dp0.001_mf0.01_rf0.01_gd0.008,0.624,1000,624,20260415_210940
MWPM+CNN,3,3,ibm_aachen,5,1000,0.05,X,realistic/dp0.001_mf0.01_rf0.01_gd0.008,0.535,1000,535,20260415_210940
GCNII,3,3,ibm_aachen,5,1000,0.005,X,realistic/dp0.001_mf0.01_rf0.01_gd0.008,0.413,1000,413,20260415_210940
MWPM+GCNII,3,3,ibm_aachen,5,1000,0.005,X,realistic/dp0.001_mf0.01_rf0.01_gd0.008,0.535,1000,535,20260415_210940
GCNII,3,3,ibm_aachen,5,1000,0.01,X,realistic/dp0.001_mf0.01_rf0.01_gd0.008,0.328,1000,328,20260415_210940
MWPM+GCNII,3,3,ibm_aachen,5,1000,0.01,X,realistic/dp0.001_mf0.01_rf0.01_gd0.008,0.42,1000,420,20260415_210940
GCNII,3,3,ibm_aachen,5,1000,0.05,X,realistic/dp0.001_mf0.01_rf0.01_gd0.008,0.328,1000,328,20260415_210940
MWPM+GCNII,3,3,ibm_aachen,5,1000,0.05,X,realistic/dp0.001_mf0.01_rf0.01_gd0.008,0.42,1000,420,20260415_210940
APPNP,3,3,ibm_aachen,5,1000,0.005,X,realistic/dp0.001_mf0.01_rf0.01_gd0.008,0.334,1000,334,20260415_210940
MWPM+APPNP,3,3,ibm_aachen,5,1000,0.005,X,realistic/dp0.001_mf0.01_rf0.01_gd0.008,0.42,1000,420,20260415_210940
APPNP,3,3,ibm_aachen,5,1000,0.01,X,realistic/dp0.001_mf0.01_rf0.01_gd0.008,0.328,1000,328,20260415_210940
MWPM+APPNP,3,3,ibm_aachen,5,1000,0.01,X,realistic/dp0.001_mf0.01_rf0.01_gd0.008,0.42,1000,420,20260415_210940
APPNP,3,3,ibm_aachen,5,1000,0.05,X,realistic/dp0.001_mf0.01_rf0.01_gd0.008,0.672,1000,672,20260415_210940
MWPM+APPNP,3,3,ibm_aachen,5,1000,0.05,X,realistic/dp0.001_mf0.01_rf0.01_gd0.008,0.535,1000,535,20260415_210940
GraphTransformer,3,3,ibm_aachen,5,1000,0.005,X,realistic/dp0.001_mf0.01_rf0.01_gd0.008,0.325,1000,325,20260415_210940
MWPM+GraphTransformer,3,3,ibm_aachen,5,1000,0.005,X,realistic/dp0.001_mf0.01_rf0.01_gd0.008,0.42,1000,420,20260415_210940
GraphTransformer,3,3,ibm_aachen,5,1000,0.01,X,realistic/dp0.001_mf0.01_rf0.01_gd0.008,0.328,1000,328,20260415_210940
MWPM+GraphTransformer,3,3,ibm_aachen,5,1000,0.01,X,realistic/dp0.001_mf0.01_rf0.01_gd0.008,0.42,1000,420,20260415_210940
GraphTransformer,3,3,ibm_aachen,5,1000,0.05,X,realistic/dp0.001_mf0.01_rf0.01_gd0.008,0.325,1000,325,20260415_210940
MWPM+GraphTransformer,3,3,ibm_aachen,5,1000,0.05,X,realistic/dp0.001_mf0.01_rf0.01_gd0.008,0.42,1000,420,20260415_210940
GCN,3,3,ibm_aachen,5,1000,0.005,X,realistic/dp0.001_mf0.01_rf0.01_gd0.008,0.531,1000,531,20260415_210940
MWPM+GCN,3,3,ibm_aachen,5,1000,0.005,X,realistic/dp0.001_mf0.01_rf0.01_gd0.008,0.535,1000,535,20260415_210940
GCN,3,3,ibm_aachen,5,1000,0.01,X,realistic/dp0.001_mf0.01_rf0.01_gd0.008,0.534,1000,534,20260415_210940
MWPM+GCN,3,3,ibm_aachen,5,1000,0.01,X,realistic/dp0.001_mf0.01_rf0.01_gd0.008,0.484,1000,484,20260415_210940
GCN,3,3,ibm_aachen,5,1000,0.05,X,realistic/dp0.001_mf0.01_rf0.01_gd0.008,0.6,1000,600,20260415_210940
MWPM+GCN,3,3,ibm_aachen,5,1000,0.05,X,realistic/dp0.001_mf0.01_rf0.01_gd0.008,0.434,1000,434,20260415_210940
GAT,3,3,ibm_aachen,5,1000,0.005,X,realistic/dp0.001_mf0.01_rf0.01_gd0.008,0.563,1000,563,20260415_210940
MWPM+GAT,3,3,ibm_aachen,5,1000,0.005,X,realistic/dp0.001_mf0.01_rf0.01_gd0.008,0.535,1000,535,20260415_210940
GAT,3,3,ibm_aachen,5,1000,0.01,X,realistic/dp0.001_mf0.01_rf0.01_gd0.008,0.668,1000,668,20260415_210940
MWPM+GAT,3,3,ibm_aachen,5,1000,0.01,X,realistic/dp0.001_mf0.01_rf0.01_gd0.008,0.549,1000,549,20260415_210940
GAT,3,3,ibm_aachen,5,1000,0.05,X,realistic/dp0.001_mf0.01_rf0.01_gd0.008,0.671,1000,671,20260415_210940
MWPM+GAT,3,3,ibm_aachen,5,1000,0.05,X,realistic/dp0.001_mf0.01_rf0.01_gd0.008,0.535,1000,535,20260415_210940
GNN,3,3,ibm_aachen,5,1000,0.005,X,realistic/dp0.001_mf0.01_rf0.01_gd0.008,0.673,1000,673,20260415_210940
MWPM+GNN,3,3,ibm_aachen,5,1000,0.005,X,realistic/dp0.001_mf0.01_rf0.01_gd0.008,0.535,1000,535,20260415_210940
GNN,3,3,ibm_aachen,5,1000,0.01,X,realistic/dp0.001_mf0.01_rf0.01_gd0.008,0.451,1000,451,20260415_210940
MWPM+GNN,3,3,ibm_aachen,5,1000,0.01,X,realistic/dp0.001_mf0.01_rf0.01_gd0.008,0.42,1000,420,20260415_210940
GNN,3,3,ibm_aachen,5,1000,0.05,X,realistic/dp0.001_mf0.01_rf0.01_gd0.008,0.668,1000,668,20260415_210940
MWPM+GNN,3,3,ibm_aachen,5,1000,0.05,X,realistic/dp0.001_mf0.01_rf0.01_gd0.008,0.535,1000,535,20260415_210940
GraphMamba,3,3,ibm_aachen,5,1000,0.005,X,realistic/dp0.001_mf0.01_rf0.01_gd0.008,0.326,1000,326,20260415_210940
MWPM+GraphMamba,3,3,ibm_aachen,5,1000,0.005,X,realistic/dp0.001_mf0.01_rf0.01_gd0.008,0.42,1000,420,20260415_210940
GraphMamba,3,3,ibm_aachen,5,1000,0.01,X,realistic/dp0.001_mf0.01_rf0.01_gd0.008,0.323,1000,323,20260415_210940
MWPM+GraphMamba,3,3,ibm_aachen,5,1000,0.01,X,realistic/dp0.001_mf0.01_rf0.01_gd0.008,0.42,1000,420,20260415_210940
GraphMamba,3,3,ibm_aachen,5,1000,0.05,X,realistic/dp0.001_mf0.01_rf0.01_gd0.008,0.326,1000,326,20260415_210940
MWPM+GraphMamba,3,3,ibm_aachen,5,1000,0.05,X,realistic/dp0.001_mf0.01_rf0.01_gd0.008,0.42,1000,420,20260415_210940
CNN,3,3,ibm_aachen,5,1000,0.005,X,realistic/dp0.005_mf0.02_rf0.02_gd0.015,0.529,1000,529,20260415_210940
MWPM+CNN,3,3,ibm_aachen,5,1000,0.005,X,realistic/dp0.005_mf0.02_rf0.02_gd0.015,0.542,1000,542,20260415_210940
CNN,3,3,ibm_aachen,5,1000,0.01,X,realistic/dp0.005_mf0.02_rf0.02_gd0.015,0.556,1000,556,20260415_210940
MWPM+CNN,3,3,ibm_aachen,5,1000,0.01,X,realistic/dp0.005_mf0.02_rf0.02_gd0.015,0.5,1000,500,20260415_210940
CNN,3,3,ibm_aachen,5,1000,0.05,X,realistic/dp0.005_mf0.02_rf0.02_gd0.015,0.648,1000,648,20260415_210940
MWPM+CNN,3,3,ibm_aachen,5,1000,0.05,X,realistic/dp0.005_mf0.02_rf0.02_gd0.015,0.535,1000,535,20260415_210940
GCNII,3,3,ibm_aachen,5,1000,0.005,X,realistic/dp0.005_mf0.02_rf0.02_gd0.015,0.672,1000,672,20260415_210940
MWPM+GCNII,3,3,ibm_aachen,5,1000,0.005,X,realistic/dp0.005_mf0.02_rf0.02_gd0.015,0.535,1000,535,20260415_210940
GCNII,3,3,ibm_aachen,5,1000,0.01,X,realistic/dp0.005_mf0.02_rf0.02_gd0.015,0.328,1000,328,20260415_210940
MWPM+GCNII,3,3,ibm_aachen,5,1000,0.01,X,realistic/dp0.005_mf0.02_rf0.02_gd0.015,0.42,1000,420,20260415_210940
GCNII,3,3,ibm_aachen,5,1000,0.05,X,realistic/dp0.005_mf0.02_rf0.02_gd0.015,0.672,1000,672,20260415_210940
MWPM+GCNII,3,3,ibm_aachen,5,1000,0.05,X,realistic/dp0.005_mf0.02_rf0.02_gd0.015,0.535,1000,535,20260415_210940
APPNP,3,3,ibm_aachen,5,1000,0.005,X,realistic/dp0.005_mf0.02_rf0.02_gd0.015,0.335,1000,335,20260415_210940
MWPM+APPNP,3,3,ibm_aachen,5,1000,0.005,X,realistic/dp0.005_mf0.02_rf0.02_gd0.015,0.426,1000,426,20260415_210940
APPNP,3,3,ibm_aachen,5,1000,0.01,X,realistic/dp0.005_mf0.02_rf0.02_gd0.015,0.44,1000,440,20260415_210940
MWPM+APPNP,3,3,ibm_aachen,5,1000,0.01,X,realistic/dp0.005_mf0.02_rf0.02_gd0.015,0.42,1000,420,20260415_210940
APPNP,3,3,ibm_aachen,5,1000,0.05,X,realistic/dp0.005_mf0.02_rf0.02_gd0.015,0.437,1000,437,20260415_210940
MWPM+APPNP,3,3,ibm_aachen,5,1000,0.05,X,realistic/dp0.005_mf0.02_rf0.02_gd0.015,0.49,1000,490,20260415_210940
GraphTransformer,3,3,ibm_aachen,5,1000,0.005,X,realistic/dp0.005_mf0.02_rf0.02_gd0.015,0.325,1000,325,20260415_210940
MWPM+GraphTransformer,3,3,ibm_aachen,5,1000,0.005,X,realistic/dp0.005_mf0.02_rf0.02_gd0.015,0.42,1000,420,20260415_210940
GraphTransformer,3,3,ibm_aachen,5,1000,0.01,X,realistic/dp0.005_mf0.02_rf0.02_gd0.015,0.329,1000,329,20260415_210940
MWPM+GraphTransformer,3,3,ibm_aachen,5,1000,0.01,X,realistic/dp0.005_mf0.02_rf0.02_gd0.015,0.42,1000,420,20260415_210940
GraphTransformer,3,3,ibm_aachen,5,1000,0.05,X,realistic/dp0.005_mf0.02_rf0.02_gd0.015,0.325,1000,325,20260415_210940
MWPM+GraphTransformer,3,3,ibm_aachen,5,1000,0.05,X,realistic/dp0.005_mf0.02_rf0.02_gd0.015,0.42,1000,420,20260415_210940
GCN,3,3,ibm_aachen,5,1000,0.005,X,realistic/dp0.005_mf0.02_rf0.02_gd0.015,0.496,1000,496,20260415_210940
MWPM+GCN,3,3,ibm_aachen,5,1000,0.005,X,realistic/dp0.005_mf0.02_rf0.02_gd0.015,0.42,1000,420,20260415_210940
GCN,3,3,ibm_aachen,5,1000,0.01,X,realistic/dp0.005_mf0.02_rf0.02_gd0.015,0.413,1000,413,20260415_210940
MWPM+GCN,3,3,ibm_aachen,5,1000,0.01,X,realistic/dp0.005_mf0.02_rf0.02_gd0.015,0.532,1000,532,20260415_210940
GCN,3,3,ibm_aachen,5,1000,0.05,X,realistic/dp0.005_mf0.02_rf0.02_gd0.015,0.569,1000,569,20260415_210940
MWPM+GCN,3,3,ibm_aachen,5,1000,0.05,X,realistic/dp0.005_mf0.02_rf0.02_gd0.015,0.535,1000,535,20260415_210940
GAT,3,3,ibm_aachen,5,1000,0.005,X,realistic/dp0.005_mf0.02_rf0.02_gd0.015,0.672,1000,672,20260415_210940
MWPM+GAT,3,3,ibm_aachen,5,1000,0.005,X,realistic/dp0.005_mf0.02_rf0.02_gd0.015,0.535,1000,535,20260415_210940
GAT,3,3,ibm_aachen,5,1000,0.01,X,realistic/dp0.005_mf0.02_rf0.02_gd0.015,0.668,1000,668,20260415_210940
MWPM+GAT,3,3,ibm_aachen,5,1000,0.01,X,realistic/dp0.005_mf0.02_rf0.02_gd0.015,0.535,1000,535,20260415_210940
GAT,3,3,ibm_aachen,5,1000,0.05,X,realistic/dp0.005_mf0.02_rf0.02_gd0.015,0.489,1000,489,20260415_210940
MWPM+GAT,3,3,ibm_aachen,5,1000,0.05,X,realistic/dp0.005_mf0.02_rf0.02_gd0.015,0.466,1000,466,20260415_210940
GNN,3,3,ibm_aachen,5,1000,0.005,X,realistic/dp0.005_mf0.02_rf0.02_gd0.015,0.638,1000,638,20260415_210940
MWPM+GNN,3,3,ibm_aachen,5,1000,0.005,X,realistic/dp0.005_mf0.02_rf0.02_gd0.015,0.529,1000,529,20260415_210940
GNN,3,3,ibm_aachen,5,1000,0.01,X,realistic/dp0.005_mf0.02_rf0.02_gd0.015,0.64,1000,640,20260415_210940
MWPM+GNN,3,3,ibm_aachen,5,1000,0.01,X,realistic/dp0.005_mf0.02_rf0.02_gd0.015,0.529,1000,529,20260415_210940
GNN,3,3,ibm_aachen,5,1000,0.05,X,realistic/dp0.005_mf0.02_rf0.02_gd0.015,0.658,1000,658,20260415_210940
MWPM+GNN,3,3,ibm_aachen,5,1000,0.05,X,realistic/dp0.005_mf0.02_rf0.02_gd0.015,0.535,1000,535,20260415_210940
GraphMamba,3,3,ibm_aachen,5,1000,0.005,X,realistic/dp0.005_mf0.02_rf0.02_gd0.015,0.323,1000,323,20260415_210940
MWPM+GraphMamba,3,3,ibm_aachen,5,1000,0.005,X,realistic/dp0.005_mf0.02_rf0.02_gd0.015,0.42,1000,420,20260415_210940
GraphMamba,3,3,ibm_aachen,5,1000,0.01,X,realistic/dp0.005_mf0.02_rf0.02_gd0.015,0.324,1000,324,20260415_210940
MWPM+GraphMamba,3,3,ibm_aachen,5,1000,0.01,X,realistic/dp0.005_mf0.02_rf0.02_gd0.015,0.42,1000,420,20260415_210940
GraphMamba,3,3,ibm_aachen,5,1000,0.05,X,realistic/dp0.005_mf0.02_rf0.02_gd0.015,0.319,1000,319,20260415_210940
MWPM+GraphMamba,3,3,ibm_aachen,5,1000,0.05,X,realistic/dp0.005_mf0.02_rf0.02_gd0.015,0.42,1000,420,20260415_210940
CNN,3,3,ibm_aachen,5,1000,0.005,X,realistic/dp0.01_mf0.05_rf0.05_gd0.01,0.503,1000,503,20260415_210940
MWPM+CNN,3,3,ibm_aachen,5,1000,0.005,X,realistic/dp0.01_mf0.05_rf0.05_gd0.01,0.535,1000,535,20260415_210940
CNN,3,3,ibm_aachen,5,1000,0.01,X,realistic/dp0.01_mf0.05_rf0.05_gd0.01,0.626,1000,626,20260415_210940
MWPM+CNN,3,3,ibm_aachen,5,1000,0.01,X,realistic/dp0.01_mf0.05_rf0.05_gd0.01,0.535,1000,535,20260415_210940
CNN,3,3,ibm_aachen,5,1000,0.05,X,realistic/dp0.01_mf0.05_rf0.05_gd0.01,0.593,1000,593,20260415_210940
MWPM+CNN,3,3,ibm_aachen,5,1000,0.05,X,realistic/dp0.01_mf0.05_rf0.05_gd0.01,0.535,1000,535,20260415_210940
GCNII,3,3,ibm_aachen,5,1000,0.005,X,realistic/dp0.01_mf0.05_rf0.05_gd0.01,0.672,1000,672,20260415_210940
MWPM+GCNII,3,3,ibm_aachen,5,1000,0.005,X,realistic/dp0.01_mf0.05_rf0.05_gd0.01,0.535,1000,535,20260415_210940
GCNII,3,3,ibm_aachen,5,1000,0.01,X,realistic/dp0.01_mf0.05_rf0.05_gd0.01,0.672,1000,672,20260415_210940
MWPM+GCNII,3,3,ibm_aachen,5,1000,0.01,X,realistic/dp0.01_mf0.05_rf0.05_gd0.01,0.535,1000,535,20260415_210940
GCNII,3,3,ibm_aachen,5,1000,0.05,X,realistic/dp0.01_mf0.05_rf0.05_gd0.01,0.328,1000,328,20260415_210940
MWPM+GCNII,3,3,ibm_aachen,5,1000,0.05,X,realistic/dp0.01_mf0.05_rf0.05_gd0.01,0.42,1000,420,20260415_210940
APPNP,3,3,ibm_aachen,5,1000,0.005,X,realistic/dp0.01_mf0.05_rf0.05_gd0.01,0.328,1000,328,20260415_210940
MWPM+APPNP,3,3,ibm_aachen,5,1000,0.005,X,realistic/dp0.01_mf0.05_rf0.05_gd0.01,0.42,1000,420,20260415_210940
APPNP,3,3,ibm_aachen,5,1000,0.01,X,realistic/dp0.01_mf0.05_rf0.05_gd0.01,0.328,1000,328,20260415_210940
MWPM+APPNP,3,3,ibm_aachen,5,1000,0.01,X,realistic/dp0.01_mf0.05_rf0.05_gd0.01,0.42,1000,420,20260415_210940
APPNP,3,3,ibm_aachen,5,1000,0.05,X,realistic/dp0.01_mf0.05_rf0.05_gd0.01,0.328,1000,328,20260415_210940
MWPM+APPNP,3,3,ibm_aachen,5,1000,0.05,X,realistic/dp0.01_mf0.05_rf0.05_gd0.01,0.42,1000,420,20260415_210940
GraphTransformer,3,3,ibm_aachen,5,1000,0.005,X,realistic/dp0.01_mf0.05_rf0.05_gd0.01,0.328,1000,328,20260415_210940
MWPM+GraphTransformer,3,3,ibm_aachen,5,1000,0.005,X,realistic/dp0.01_mf0.05_rf0.05_gd0.01,0.42,1000,420,20260415_210940
GraphTransformer,3,3,ibm_aachen,5,1000,0.01,X,realistic/dp0.01_mf0.05_rf0.05_gd0.01,0.328,1000,328,20260415_210940
MWPM+GraphTransformer,3,3,ibm_aachen,5,1000,0.01,X,realistic/dp0.01_mf0.05_rf0.05_gd0.01,0.42,1000,420,20260415_210940
GraphTransformer,3,3,ibm_aachen,5,1000,0.05,X,realistic/dp0.01_mf0.05_rf0.05_gd0.01,0.325,1000,325,20260415_210940
MWPM+GraphTransformer,3,3,ibm_aachen,5,1000,0.05,X,realistic/dp0.01_mf0.05_rf0.05_gd0.01,0.42,1000,420,20260415_210940
GCN,3,3,ibm_aachen,5,1000,0.005,X,realistic/dp0.01_mf0.05_rf0.05_gd0.01,0.435,1000,435,20260415_210940
MWPM+GCN,3,3,ibm_aachen,5,1000,0.005,X,realistic/dp0.01_mf0.05_rf0.05_gd0.01,0.535,1000,535,20260415_210940
GCN,3,3,ibm_aachen,5,1000,0.01,X,realistic/dp0.01_mf0.05_rf0.05_gd0.01,0.553,1000,553,20260415_210940
MWPM+GCN,3,3,ibm_aachen,5,1000,0.01,X,realistic/dp0.01_mf0.05_rf0.05_gd0.01,0.535,1000,535,20260415_210940
GCN,3,3,ibm_aachen,5,1000,0.05,X,realistic/dp0.01_mf0.05_rf0.05_gd0.01,0.514,1000,514,20260415_210940
MWPM+GCN,3,3,ibm_aachen,5,1000,0.05,X,realistic/dp0.01_mf0.05_rf0.05_gd0.01,0.42,1000,420,20260415_210940
GAT,3,3,ibm_aachen,5,1000,0.005,X,realistic/dp0.01_mf0.05_rf0.05_gd0.01,0.57,1000,570,20260415_210940
MWPM+GAT,3,3,ibm_aachen,5,1000,0.005,X,realistic/dp0.01_mf0.05_rf0.05_gd0.01,0.535,1000,535,20260415_210940
GAT,3,3,ibm_aachen,5,1000,0.01,X,realistic/dp0.01_mf0.05_rf0.05_gd0.01,0.449,1000,449,20260415_210940
MWPM+GAT,3,3,ibm_aachen,5,1000,0.01,X,realistic/dp0.01_mf0.05_rf0.05_gd0.01,0.535,1000,535,20260415_210940
GAT,3,3,ibm_aachen,5,1000,0.05,X,realistic/dp0.01_mf0.05_rf0.05_gd0.01,0.472,1000,472,20260415_210940
MWPM+GAT,3,3,ibm_aachen,5,1000,0.05,X,realistic/dp0.01_mf0.05_rf0.05_gd0.01,0.527,1000,527,20260415_210940
GNN,3,3,ibm_aachen,5,1000,0.005,X,realistic/dp0.01_mf0.05_rf0.05_gd0.01,0.668,1000,668,20260415_210940
MWPM+GNN,3,3,ibm_aachen,5,1000,0.005,X,realistic/dp0.01_mf0.05_rf0.05_gd0.01,0.529,1000,529,20260415_210940
GNN,3,3,ibm_aachen,5,1000,0.01,X,realistic/dp0.01_mf0.05_rf0.05_gd0.01,0.326,1000,326,20260415_210940
MWPM+GNN,3,3,ibm_aachen,5,1000,0.01,X,realistic/dp0.01_mf0.05_rf0.05_gd0.01,0.42,1000,420,20260415_210940
GNN,3,3,ibm_aachen,5,1000,0.05,X,realistic/dp0.01_mf0.05_rf0.05_gd0.01,0.465,1000,465,20260415_210940
MWPM+GNN,3,3,ibm_aachen,5,1000,0.05,X,realistic/dp0.01_mf0.05_rf0.05_gd0.01,0.535,1000,535,20260415_210940
GraphMamba,3,3,ibm_aachen,5,1000,0.005,X,realistic/dp0.01_mf0.05_rf0.05_gd0.01,0.328,1000,328,20260415_210940
MWPM+GraphMamba,3,3,ibm_aachen,5,1000,0.005,X,realistic/dp0.01_mf0.05_rf0.05_gd0.01,0.42,1000,420,20260415_210940
GraphMamba,3,3,ibm_aachen,5,1000,0.01,X,realistic/dp0.01_mf0.05_rf0.05_gd0.01,0.327,1000,327,20260415_210940
MWPM+GraphMamba,3,3,ibm_aachen,5,1000,0.01,X,realistic/dp0.01_mf0.05_rf0.05_gd0.01,0.42,1000,420,20260415_210940
GraphMamba,3,3,ibm_aachen,5,1000,0.05,X,realistic/dp0.01_mf0.05_rf0.05_gd0.01,0.324,1000,324,20260415_210940
MWPM+GraphMamba,3,3,ibm_aachen,5,1000,0.05,X,realistic/dp0.01_mf0.05_rf0.05_gd0.01,0.42,1000,420,20260415_210940
